id,name,category_id,category_name,quantity,unit,unit_cost,supplier,lot,min_stock,deleted_at,purchase_date,stock_movements_sum_qty,created_at,updated_at
cmnjwhf7900018jydvm585u6g,Café molido,cmnl1lsg60000trjnqa3tu7aa,Recetas (costeo),10000,g,81.47,,,,2026-04-05T01:10:40.524Z,,0,2026-04-04T05:37:01.749Z,2026-04-05T01:10:40.526Z
cmnjwhf9800028jyduwl16vuy,Aromatizante (canela / vainilla),cmnl1lsg60000trjnqa3tu7aa,Recetas (costeo),10000,porción,100,,,,2026-04-05T01:10:40.524Z,,0,2026-04-04T05:37:01.820Z,2026-04-05T01:10:40.526Z
cmnjwhf9b00038jyd9h0aypne,Aguardiente nariño,cmnl1lsg60000trjnqa3tu7aa,Recetas (costeo),10000,ml,75,,,,2026-04-05T01:10:40.524Z,,0,2026-04-04T05:37:01.823Z,2026-04-05T01:10:40.526Z
cmnjwhf9d00048jyddhhheu8i,Whisky para cóctel,cmnl1lsg60000trjnqa3tu7aa,Recetas (costeo),10000,ml,80,,,,2026-04-05T01:10:40.524Z,,0,2026-04-04T05:37:01.825Z,2026-04-05T01:10:40.526Z
cmnjwhf9f00058jydgh37uczl,Leche,cmnl1lsg60000trjnqa3tu7aa,Recetas (costeo),10000,ml,8.33,,,,2026-04-05T01:10:40.524Z,,0,2026-04-04T05:37:01.827Z,2026-04-05T01:10:40.526Z
cmnjwhfa700068jyds21uj3ed,Agua (indirecto) — ración estándar 180 ml,cmnl1lsg60000trjnqa3tu7aa,Recetas (costeo),10000,porción,700,,,,2026-04-05T01:10:40.524Z,,0,2026-04-04T05:37:01.855Z,2026-04-05T01:10:40.526Z
cmnjwhfaf00078jydv73awuv3,Agua (indirecto) — ración estándar 120 ml,cmnl1lsg60000trjnqa3tu7aa,Recetas (costeo),10000,porción,700,,,,2026-04-05T01:10:40.524Z,,0,2026-04-04T05:37:01.863Z,2026-04-05T01:10:40.526Z
cmnjwhfaj00088jydesqbc9eo,Agua (indirecto) — ración estándar 90 ml,cmnl1lsg60000trjnqa3tu7aa,Recetas (costeo),10000,porción,700,,,,2026-04-05T01:10:40.524Z,,0,2026-04-04T05:37:01.867Z,2026-04-05T01:10:40.526Z
cmnjwhfao00098jydrz7mmbpg,Agua (indirecto) — ración estándar 200 ml,cmnl1lsg60000trjnqa3tu7aa,Recetas (costeo),10000,porción,700,,,,2026-04-05T01:10:40.524Z,,0,2026-04-04T05:37:01.872Z,2026-04-05T01:10:40.526Z
cmnjwhfar000a8jyd3y6zrrwi,Agua (indirecto) — jarra 1000 ml,cmnl1lsg60000trjnqa3tu7aa,Recetas (costeo),10000,porción,700,,,,2026-04-05T01:10:40.524Z,,0,2026-04-04T05:37:01.875Z,2026-04-05T01:10:40.526Z
cmnjwhfau000b8jyd7yr3vkch,Energía (indirecto) — estándar,cmnl1lsg60000trjnqa3tu7aa,Recetas (costeo),10000,porción,200,,,,2026-04-05T01:10:40.524Z,,0,2026-04-04T05:37:01.878Z,2026-04-05T01:10:40.526Z
cmnjwhfax000c8jydpjvff0qh,Energía (indirecto) — preparación fría,cmnl1lsg60000trjnqa3tu7aa,Recetas (costeo),10000,porción,300,,,,2026-04-05T01:10:40.524Z,,0,2026-04-04T05:37:01.881Z,2026-04-05T01:10:40.526Z
cmnjwhfb0000d8jyddbjhnugs,Energía (indirecto) — jarra,cmnl1lsg60000trjnqa3tu7aa,Recetas (costeo),10000,porción,500,,,,2026-04-05T01:10:40.524Z,,0,2026-04-04T05:37:01.884Z,2026-04-05T01:10:40.526Z
cmnjwhfb3000e8jydjoqpjhi9,Café preparado,cmnl1lsg60000trjnqa3tu7aa,Recetas (costeo),10000,ml,10,,,,2026-04-05T01:10:40.524Z,,0,2026-04-04T05:37:01.888Z,2026-04-05T01:10:40.526Z
cmnjwhfbp000f8jydnzadwmzp,Hielo,cmnl1lsg60000trjnqa3tu7aa,Recetas (costeo),10000,porción,200,,,,2026-04-05T01:10:40.524Z,,0,2026-04-04T05:37:01.909Z,2026-04-05T01:10:40.526Z
cmnjwhfbr000g8jydw3rzcr1i,Azúcar,cmnl1lsg60000trjnqa3tu7aa,Recetas (costeo),10000,porción,100,,,,2026-04-05T01:10:40.524Z,,0,2026-04-04T05:37:01.911Z,2026-04-05T01:10:40.526Z
cmnjwhfbt000h8jyd8powg05w,Chispas de chocolate,cmnl1lsg60000trjnqa3tu7aa,Recetas (costeo),10000,g,50,,,,2026-04-05T01:10:40.524Z,,0,2026-04-04T05:37:01.913Z,2026-04-05T01:10:40.526Z
cmnjwhfbw000i8jyd6e4hofxt,Arequipe,cmnl1lsg60000trjnqa3tu7aa,Recetas (costeo),10000,g,30,,,,2026-04-05T01:10:40.524Z,,0,2026-04-04T05:37:01.916Z,2026-04-05T01:10:40.526Z
cmnjwhfde000j8jydjt5nweqk,Chantilly (lata),cmnl1lsg60000trjnqa3tu7aa,Recetas (costeo),10000,g,50,,,,2026-04-05T01:10:40.524Z,,0,2026-04-04T05:37:01.970Z,2026-04-05T01:10:40.526Z
cmnjwhfdp000k8jydfbyfbkm4,Espresso,cmnl1lsg60000trjnqa3tu7aa,Recetas (costeo),10000,ml,20,,,,2026-04-05T01:10:40.524Z,,0,2026-04-04T05:37:01.981Z,2026-04-05T01:10:40.526Z
cmnjwhfe1000l8jydefndp3c8,Helado (affogato),cmnl1lsg60000trjnqa3tu7aa,Recetas (costeo),10000,porción,3000,,,,2026-04-05T01:10:40.524Z,,0,2026-04-04T05:37:01.993Z,2026-04-05T01:10:40.526Z
cmnjwhfe6000m8jyd0y06e1pe,Chocolate en polvo,cmnl1lsg60000trjnqa3tu7aa,Recetas (costeo),10000,porción,800,,,,2026-04-05T01:10:40.524Z,,0,2026-04-04T05:37:01.998Z,2026-04-05T01:10:40.526Z
cmnjwhfe8000n8jyd1y6kh7pv,Aromática (mezcla),cmnl1lsg60000trjnqa3tu7aa,Recetas (costeo),10000,porción,500,,,,2026-04-05T01:10:40.524Z,,0,2026-04-04T05:37:02.000Z,2026-04-05T01:10:40.526Z
cmnjwhfec000o8jydaoyg1vgr,Aromática (mezcla) — jarra,cmnl1lsg60000trjnqa3tu7aa,Recetas (costeo),10000,porción,1000,,,,2026-04-05T01:10:40.524Z,,0,2026-04-04T05:37:02.004Z,2026-04-05T01:10:40.526Z
cmnjwhfee000p8jyd9p59ifqb,Fruta (aromática),cmnl1lsg60000trjnqa3tu7aa,Recetas (costeo),10000,porción,1000,,,,2026-04-05T01:10:40.524Z,,0,2026-04-04T05:37:02.006Z,2026-04-05T01:10:40.526Z
cmnjwhfeg000q8jydns2x0uxx,Fruta (aromática) — jarra,cmnl1lsg60000trjnqa3tu7aa,Recetas (costeo),10000,porción,3000,,,,2026-04-05T01:10:40.524Z,,0,2026-04-04T05:37:02.008Z,2026-04-05T01:10:40.526Z
cmnjwhfg1000r8jydgz9u8432,Administración (30%) — Café negro artesanal,cmnl1lsg60000trjnqa3tu7aa,Recetas (costeo),10000,porción,637,,,,2026-04-05T01:10:40.472Z,,0,2026-04-04T05:37:02.065Z,2026-04-05T01:10:40.474Z
cmnjwhfsi000x8jydm7fyqpgq,Administración (30%) — Café aromatizado,cmnl1lsg60000trjnqa3tu7aa,Recetas (costeo),10000,porción,667,,,,2026-04-05T01:10:40.481Z,,0,2026-04-04T05:37:02.514Z,2026-04-05T01:10:40.481Z
cmnjwhft200148jydrpbje37i,Administración (30%) — Carajillo,cmnl1lsg60000trjnqa3tu7aa,Recetas (costeo),10000,porción,1312,,,,2026-04-05T01:10:40.485Z,,0,2026-04-04T05:37:02.534Z,2026-04-05T01:10:40.485Z
cmnjwhftr001b8jydza78xtis,Administración (30%) — Café con leche,cmnl1lsg60000trjnqa3tu7aa,Recetas (costeo),10000,porción,787,,,,2026-04-05T01:10:40.490Z,,0,2026-04-04T05:37:02.559Z,2026-04-05T01:10:40.490Z
cmnjwhfur001i8jydzwjtm05j,Administración (30%) — Café irlandés,cmnl1lsg60000trjnqa3tu7aa,Recetas (costeo),10000,porción,2227,,,,2026-04-05T01:10:40.494Z,,0,2026-04-04T05:37:02.595Z,2026-04-05T01:10:40.494Z
cmnjwhfvo001q8jyd8etai216,Administración (30%) — Vaso de leche,cmnl1lsg60000trjnqa3tu7aa,Recetas (costeo),10000,porción,600,,,,2026-04-05T01:10:40.497Z,,0,2026-04-04T05:37:02.628Z,2026-04-05T01:10:40.497Z
cmnjwhfw5001u8jydr95b3ef5,Administración (30%) — Café frapé,cmnl1lsg60000trjnqa3tu7aa,Recetas (costeo),10000,porción,1470,,,,2026-04-05T01:10:40.501Z,,0,2026-04-04T05:37:02.645Z,2026-04-05T01:10:40.501Z
cmnjwhfwo00258jyddq51mn7c,Administración (30%) — Affogato,cmnl1lsg60000trjnqa3tu7aa,Recetas (costeo),10000,porción,1260,,,,2026-04-05T01:10:40.504Z,,0,2026-04-04T05:37:02.664Z,2026-04-05T01:10:40.504Z
cmnjwhfx5002a8jydrhcm1w76,Administración (30%) — Leche achocolatada,cmnl1lsg60000trjnqa3tu7aa,Recetas (costeo),10000,porción,750,,,,2026-04-05T01:10:40.508Z,,0,2026-04-04T05:37:02.681Z,2026-04-05T01:10:40.508Z
cmnjwhg23002g8jyd0qtr5pbn,Administración (30%) — Aromática con fruta,cmnl1lsg60000trjnqa3tu7aa,Recetas (costeo),10000,porción,720,,,,2026-04-05T01:10:40.511Z,,0,2026-04-04T05:37:02.859Z,2026-04-05T01:10:40.511Z
cmnjwhg5r002n8jydv5t5yqmg,Administración (30%) — Aromática,cmnl1lsg60000trjnqa3tu7aa,Recetas (costeo),10000,porción,420,,,,2026-04-05T01:10:40.518Z,,0,2026-04-04T05:37:02.991Z,2026-04-05T01:10:40.518Z
cmnjwhg6t002t8jyd0ohmbosn,Administración (30%) — Jarra de aromática con fruta,cmnl1lsg60000trjnqa3tu7aa,Recetas (costeo),10000,porción,1560,,,,2026-04-05T01:10:40.523Z,,0,2026-04-04T05:37:03.029Z,2026-04-05T01:10:40.523Z
cmnjwqi610000chyd0p85lvli,Café molido,cmnl1lsg60000trjnqa3tu7aa,Recetas (costeo),10000,g,81.47,"Costo unitario (hoja): $81,5/g | Cantidad (hoja): 15 g",seed:receta:cafe-negro-artesanal:L0,,2026-04-05T00:56:48.227Z,,0,2026-04-04T05:44:05.497Z,2026-04-05T00:56:48.228Z
cmnjwqi6e0001chydv9hruwer,Agua (Indirecto),cmnl1lsg60000trjnqa3tu7aa,Recetas (costeo),10000,ml,3.89,Costo unitario (hoja): — | Cantidad (hoja): 180 ml,seed:receta:cafe-negro-artesanal:L1,,2026-04-05T00:56:48.226Z,,0,2026-04-04T05:44:05.510Z,2026-04-05T00:56:48.227Z
cmnjwqi6i0002chydpydr6tiw,Energía (Indirecto),cmnl1lsg60000trjnqa3tu7aa,Recetas (costeo),10000,porción,200,Costo unitario (hoja): — | Cantidad (hoja): —,seed:receta:cafe-negro-artesanal:L2,,2026-04-05T00:56:48.223Z,,0,2026-04-04T05:44:05.514Z,2026-04-05T00:56:48.224Z
cmnjwqi6k0003chyd2v3p1ieh,Administración (30%),cmnl1lsg60000trjnqa3tu7aa,Recetas (costeo),10000,porción,637,Costo unitario (hoja): — | Cantidad (hoja): —,seed:receta:cafe-negro-artesanal:L3,,2026-04-05T00:48:10.090Z,,0,2026-04-04T05:44:05.516Z,2026-04-05T00:48:10.092Z
cmnjwqi740009chydq8yha783,Café molido,cmnl1lsg60000trjnqa3tu7aa,Recetas (costeo),10000,g,81.47,"Costo unitario (hoja): $81,5/g | Cantidad (hoja): 15 g",seed:receta:cafe-aromatizado:L0,,2026-04-05T00:56:48.232Z,,0,2026-04-04T05:44:05.536Z,2026-04-05T00:56:48.232Z
cmnjwqi76000achyd4dqwdbzu,Aromatizante,cmnl1lsg60000trjnqa3tu7aa,Recetas (costeo),10000,porción,100,Costo unitario (hoja): — | Cantidad (hoja): —,seed:receta:cafe-aromatizado:L1,,2026-04-05T00:56:48.231Z,,0,2026-04-04T05:44:05.538Z,2026-04-05T00:56:48.231Z
cmnjwqi78000bchydmbtetsyv,Agua (Indirecto),cmnl1lsg60000trjnqa3tu7aa,Recetas (costeo),10000,ml,3.89,Costo unitario (hoja): — | Cantidad (hoja): 180 ml,seed:receta:cafe-aromatizado:L2,,2026-04-05T00:56:48.230Z,,0,2026-04-04T05:44:05.540Z,2026-04-05T00:56:48.230Z
cmnjwqi79000cchyd1hjzb6nn,Energía (Indirecto),cmnl1lsg60000trjnqa3tu7aa,Recetas (costeo),10000,porción,200,Costo unitario (hoja): — | Cantidad (hoja): —,seed:receta:cafe-aromatizado:L3,,2026-04-05T00:56:48.228Z,,0,2026-04-04T05:44:05.541Z,2026-04-05T00:56:48.228Z
cmnjwqi7a000dchydckaoqabb,Administración (30%),cmnl1lsg60000trjnqa3tu7aa,Recetas (costeo),10000,porción,667,Costo unitario (hoja): — | Cantidad (hoja): —,seed:receta:cafe-aromatizado:L4,,2026-04-05T00:48:10.090Z,,0,2026-04-04T05:44:05.542Z,2026-04-05T00:48:10.092Z
cmnjwqi7h000kchyd2q872ec2,Café molido,cmnl1lsg60000trjnqa3tu7aa,Recetas (costeo),10000,g,81.47,"Costo unitario (hoja): $81,5/g | Cantidad (hoja): 15 g",seed:receta:carajillo:L0,,2026-04-05T00:56:48.234Z,,0,2026-04-04T05:44:05.549Z,2026-04-05T00:56:48.234Z
cmnjwqi7i000lchyde6uyxvjz,Aguardiente nariño,cmnl1lsg60000trjnqa3tu7aa,Recetas (costeo),10000,ml,75,Costo unitario (hoja): $75/ml | Cantidad (hoja): 30 ml,seed:receta:carajillo:L1,,2026-04-05T00:56:48.234Z,,0,2026-04-04T05:44:05.550Z,2026-04-05T00:56:48.234Z
cmnjwqi7j000mchyda4qb9i9m,Agua (Indirecto),cmnl1lsg60000trjnqa3tu7aa,Recetas (costeo),10000,ml,5.83,Costo unitario (hoja): — | Cantidad (hoja): 120 ml,seed:receta:carajillo:L2,,2026-04-05T00:56:48.233Z,,0,2026-04-04T05:44:05.551Z,2026-04-05T00:56:48.233Z
cmnjwqi7n000nchydf9nfw2ee,Energía (Indirecto),cmnl1lsg60000trjnqa3tu7aa,Recetas (costeo),10000,porción,200,Costo unitario (hoja): — | Cantidad (hoja): —,seed:receta:carajillo:L3,,2026-04-05T00:56:48.233Z,,0,2026-04-04T05:44:05.555Z,2026-04-05T00:56:48.233Z
cmnjwqi7o000ochyd0tzl5lgc,Administración (30%),cmnl1lsg60000trjnqa3tu7aa,Recetas (costeo),10000,porción,1312,Costo unitario (hoja): — | Cantidad (hoja): —,seed:receta:carajillo:L4,,2026-04-05T00:48:10.090Z,,0,2026-04-04T05:44:05.556Z,2026-04-05T00:48:10.092Z
cmnjwqi7u000vchydlff6633k,Café molido,cmnl1lsg60000trjnqa3tu7aa,Recetas (costeo),10000,g,81.47,"Costo unitario (hoja): $81,5/g | Cantidad (hoja): 15 g",seed:receta:cafe-con-leche:L0,,2026-04-05T00:56:48.236Z,,0,2026-04-04T05:44:05.562Z,2026-04-05T00:56:48.236Z
cmnjwqi7v000wchydncoya9o9,Leche,cmnl1lsg60000trjnqa3tu7aa,Recetas (costeo),10000,ml,8.33,Costo unitario (hoja): — | Cantidad (hoja): 60 ml,seed:receta:cafe-con-leche:L1,,2026-04-05T00:56:48.236Z,,0,2026-04-04T05:44:05.563Z,2026-04-05T00:56:48.236Z
cmnjwqi7x000xchydl6f1rwub,Agua (Indirecto),cmnl1lsg60000trjnqa3tu7aa,Recetas (costeo),10000,ml,5.83,Costo unitario (hoja): — | Cantidad (hoja): 120 ml,seed:receta:cafe-con-leche:L2,,2026-04-05T00:56:48.235Z,,0,2026-04-04T05:44:05.565Z,2026-04-05T00:56:48.235Z
cmnjwqi7x000ychydpzsbrvft,Energía (Indirecto),cmnl1lsg60000trjnqa3tu7aa,Recetas (costeo),10000,porción,200,Costo unitario (hoja): — | Cantidad (hoja): —,seed:receta:cafe-con-leche:L3,,2026-04-05T00:56:48.235Z,,0,2026-04-04T05:44:05.566Z,2026-04-05T00:56:48.235Z
cmnjwqi7z000zchyd1o6u2r4e,Administración (30%),cmnl1lsg60000trjnqa3tu7aa,Recetas (costeo),10000,porción,787,Costo unitario (hoja): — | Cantidad (hoja): —,seed:receta:cafe-con-leche:L4,,2026-04-05T00:48:10.090Z,,0,2026-04-04T05:44:05.567Z,2026-04-05T00:48:10.092Z
cmnjwqi850016chyday8855f3,Café molido,cmnl1lsg60000trjnqa3tu7aa,Recetas (costeo),10000,g,81.47,"Costo unitario (hoja): $81,5/g | Cantidad (hoja): 15 g",seed:receta:cafe-irlandes:L0,,2026-04-05T00:56:48.240Z,,0,2026-04-04T05:44:05.573Z,2026-04-05T00:56:48.240Z
cmnjwqi860017chydzfdvmhz3,Whisky para cóctel,cmnl1lsg60000trjnqa3tu7aa,Recetas (costeo),10000,ml,80,Costo unitario (hoja): $80/ml | Cantidad (hoja): 60 ml,seed:receta:cafe-irlandes:L1,,2026-04-05T00:56:48.239Z,,0,2026-04-04T05:44:05.574Z,2026-04-05T00:56:48.239Z
cmnjwqi870018chydtm8whsji,Leche,cmnl1lsg60000trjnqa3tu7aa,Recetas (costeo),10000,ml,8.33,Costo unitario (hoja): — | Cantidad (hoja): 60 ml,seed:receta:cafe-irlandes:L2,,2026-04-05T00:56:48.239Z,,0,2026-04-04T05:44:05.575Z,2026-04-05T00:56:48.239Z
cmnjwqi880019chydsi6pywnc,Agua (Indirecto),cmnl1lsg60000trjnqa3tu7aa,Recetas (costeo),10000,ml,7.78,Costo unitario (hoja): — | Cantidad (hoja): 90 ml,seed:receta:cafe-irlandes:L3,,2026-04-05T00:56:48.238Z,,0,2026-04-04T05:44:05.576Z,2026-04-05T00:56:48.238Z
cmnjwqi8b001achydvuvv1c88,Energía (Indirecto),cmnl1lsg60000trjnqa3tu7aa,Recetas (costeo),10000,porción,200,Costo unitario (hoja): — | Cantidad (hoja): —,seed:receta:cafe-irlandes:L4,,2026-04-05T00:56:48.237Z,,0,2026-04-04T05:44:05.579Z,2026-04-05T00:56:48.237Z
cmnjwqi8d001bchyd9b05fzd6,Administración (30%),cmnl1lsg60000trjnqa3tu7aa,Recetas (costeo),10000,porción,2227,Costo unitario (hoja): — | Cantidad (hoja): —,seed:receta:cafe-irlandes:L5,,2026-04-05T00:48:10.090Z,,0,2026-04-04T05:44:05.581Z,2026-04-05T00:48:10.092Z
cmnjwqi8n001jchydmsjueqfe,Leche,cmnl1lsg60000trjnqa3tu7aa,Recetas (costeo),10000,ml,8.33,Costo unitario (hoja): — | Cantidad (hoja): 240 ml,seed:receta:vaso-de-leche:L0,,2026-04-05T00:56:48.240Z,,0,2026-04-04T05:44:05.591Z,2026-04-05T00:56:48.240Z
cmnjwqi8t001kchydu7enhqgi,Administración (30%),cmnl1lsg60000trjnqa3tu7aa,Recetas (costeo),10000,porción,600,Costo unitario (hoja): — | Cantidad (hoja): —,seed:receta:vaso-de-leche:L1,,2026-04-05T00:48:10.090Z,,0,2026-04-04T05:44:05.597Z,2026-04-05T00:48:10.092Z
cmnjwqi9i001ochydtglrvbbr,Café preparado,cmnl1lsg60000trjnqa3tu7aa,Recetas (costeo),10000,ml,10,Costo unitario (hoja): — | Cantidad (hoja): 120 ml,seed:receta:cafe-frape:L0,,2026-04-05T00:56:48.245Z,,0,2026-04-04T05:44:05.622Z,2026-04-05T00:56:48.245Z
cmnjwqi9j001pchyd8c95710t,Leche,cmnl1lsg60000trjnqa3tu7aa,Recetas (costeo),10000,ml,8.33,Costo unitario (hoja): — | Cantidad (hoja): 60 ml,seed:receta:cafe-frape:L1,,2026-04-05T00:56:48.244Z,,0,2026-04-04T05:44:05.623Z,2026-04-05T00:56:48.244Z
cmnjwqi9k001qchydk3vwncgl,Hielo,cmnl1lsg60000trjnqa3tu7aa,Recetas (costeo),10000,porción,200,Costo unitario (hoja): — | Cantidad (hoja): —,seed:receta:cafe-frape:L2,,2026-04-05T00:56:48.244Z,,0,2026-04-04T05:44:05.624Z,2026-04-05T00:56:48.244Z
cmnjwqi9l001rchydlpjwhqke,Azúcar,cmnl1lsg60000trjnqa3tu7aa,Recetas (costeo),10000,porción,100,Costo unitario (hoja): — | Cantidad (hoja): —,seed:receta:cafe-frape:L3,,2026-04-05T00:56:48.243Z,,0,2026-04-04T05:44:05.625Z,2026-04-05T00:56:48.243Z
cmnjwqi9n001schydp6at42si,Chispas de chocolate,cmnl1lsg60000trjnqa3tu7aa,Recetas (costeo),10000,g,50,Costo unitario (hoja): — | Cantidad (hoja): 10 g,seed:receta:cafe-frape:L4,,2026-04-05T00:56:48.243Z,,0,2026-04-04T05:44:05.627Z,2026-04-05T00:56:48.243Z
cmnjwqi9o001tchydlz6hzxhn,Arequipe,cmnl1lsg60000trjnqa3tu7aa,Recetas (costeo),10000,g,30,Costo unitario (hoja): — | Cantidad (hoja): 20 g,seed:receta:cafe-frape:L5,,2026-04-05T00:56:48.242Z,,0,2026-04-04T05:44:05.628Z,2026-04-05T00:56:48.242Z
cmnjwqi9r001uchyd1pmnoedi,Chantilly (lata),cmnl1lsg60000trjnqa3tu7aa,Recetas (costeo),10000,g,50,Costo unitario (hoja): — | Cantidad (hoja): 30 g,seed:receta:cafe-frape:L6,,2026-04-05T00:56:48.241Z,,0,2026-04-04T05:44:05.631Z,2026-04-05T00:56:48.241Z
cmnjwqi9s001vchyd1j9kj308,Energía (Indirecto),cmnl1lsg60000trjnqa3tu7aa,Recetas (costeo),10000,porción,300,Costo unitario (hoja): — | Cantidad (hoja): —,seed:receta:cafe-frape:L7,,2026-04-05T00:56:48.240Z,,0,2026-04-04T05:44:05.632Z,2026-04-05T00:56:48.241Z
cmnjwqi9w001wchyd8n6ah8nb,Administración (30%),cmnl1lsg60000trjnqa3tu7aa,Recetas (costeo),10000,porción,1470,Costo unitario (hoja): — | Cantidad (hoja): —,seed:receta:cafe-frape:L8,,2026-04-05T00:48:10.090Z,,0,2026-04-04T05:44:05.636Z,2026-04-05T00:48:10.092Z
cmnjwqiad0027chydn8y3at3m,Espresso,cmnl1lsg60000trjnqa3tu7aa,Recetas (costeo),10000,ml,20,Costo unitario (hoja): — | Cantidad (hoja): 60 ml,seed:receta:affogato:L0,,2026-04-05T00:56:48.246Z,,0,2026-04-04T05:44:05.653Z,2026-04-05T00:56:48.246Z
cmnjwqiah0028chydwlt8t5lz,Helado,cmnl1lsg60000trjnqa3tu7aa,Recetas (costeo),10000,porción,3000,Costo unitario (hoja): — | Cantidad (hoja): —,seed:receta:affogato:L1,,2026-04-05T00:56:48.245Z,,0,2026-04-04T05:44:05.658Z,2026-04-05T00:56:48.245Z
cmnjwqiaj0029chyd8ffyiurh,Administración (30%),cmnl1lsg60000trjnqa3tu7aa,Recetas (costeo),10000,porción,1260,Costo unitario (hoja): — | Cantidad (hoja): —,seed:receta:affogato:L2,,2026-04-05T00:48:10.090Z,,0,2026-04-04T05:44:05.659Z,2026-04-05T00:48:10.092Z
cmnjwqiaw002echydxx74g3wb,Leche,cmnl1lsg60000trjnqa3tu7aa,Recetas (costeo),10000,ml,8.33,Costo unitario (hoja): — | Cantidad (hoja): 180 ml,seed:receta:leche-achocolatada:L0,,2026-04-05T00:56:48.249Z,,0,2026-04-04T05:44:05.672Z,2026-04-05T00:56:48.249Z
cmnjwqiaz002fchyd4utwxtw4,Chocolate,cmnl1lsg60000trjnqa3tu7aa,Recetas (costeo),10000,porción,800,Costo unitario (hoja): — | Cantidad (hoja): —,seed:receta:leche-achocolatada:L1,,2026-04-05T00:56:48.248Z,,0,2026-04-04T05:44:05.675Z,2026-04-05T00:56:48.248Z
cmnjwqib3002gchydi0841c9a,Energía (Indirecto),cmnl1lsg60000trjnqa3tu7aa,Recetas (costeo),10000,porción,200,Costo unitario (hoja): — | Cantidad (hoja): —,seed:receta:leche-achocolatada:L2,,2026-04-05T00:56:48.247Z,,0,2026-04-04T05:44:05.679Z,2026-04-05T00:56:48.247Z
cmnjwqib6002hchydvlkx9zkx,Administración (30%),cmnl1lsg60000trjnqa3tu7aa,Recetas (costeo),10000,porción,750,Costo unitario (hoja): — | Cantidad (hoja): —,seed:receta:leche-achocolatada:L3,,2026-04-05T00:48:10.090Z,,0,2026-04-04T05:44:05.682Z,2026-04-05T00:48:10.092Z
cmnjwqibi002nchydhva8wihg,Aromática,cmnl1lsg60000trjnqa3tu7aa,Recetas (costeo),10000,porción,500,Costo unitario (hoja): — | Cantidad (hoja): —,seed:receta:aromatica-con-fruta:L0,,2026-04-05T00:56:48.251Z,,0,2026-04-04T05:44:05.694Z,2026-04-05T00:56:48.251Z
cmnjwqibl002ochyd2v84z2aq,Fruta,cmnl1lsg60000trjnqa3tu7aa,Recetas (costeo),10000,porción,1000,Costo unitario (hoja): — | Cantidad (hoja): —,seed:receta:aromatica-con-fruta:L1,,2026-04-05T00:56:48.251Z,,0,2026-04-04T05:44:05.697Z,2026-04-05T00:56:48.251Z
cmnjwqibn002pchydl03ni8to,Agua (Indirecto),cmnl1lsg60000trjnqa3tu7aa,Recetas (costeo),10000,ml,3.5,Costo unitario (hoja): — | Cantidad (hoja): 200 ml,seed:receta:aromatica-con-fruta:L2,,2026-04-05T00:56:48.250Z,,0,2026-04-04T05:44:05.699Z,2026-04-05T00:56:48.250Z
cmnjwqibp002qchyd1azprwl5,Energía (Indirecto),cmnl1lsg60000trjnqa3tu7aa,Recetas (costeo),10000,porción,200,Costo unitario (hoja): — | Cantidad (hoja): —,seed:receta:aromatica-con-fruta:L3,,2026-04-05T00:56:48.249Z,,0,2026-04-04T05:44:05.701Z,2026-04-05T00:56:48.249Z
cmnjwqibq002rchydn8buiap7,Administración (30%),cmnl1lsg60000trjnqa3tu7aa,Recetas (costeo),10000,porción,720,Costo unitario (hoja): — | Cantidad (hoja): —,seed:receta:aromatica-con-fruta:L4,,2026-04-05T00:48:10.090Z,,0,2026-04-04T05:44:05.702Z,2026-04-05T00:48:10.092Z
cmnjwqic2002ychydn94ve4hr,Aromática,cmnl1lsg60000trjnqa3tu7aa,Recetas (costeo),10000,porción,500,Costo unitario (hoja): — | Cantidad (hoja): —,seed:receta:aromatica:L0,,2026-04-05T00:56:48.253Z,,0,2026-04-04T05:44:05.714Z,2026-04-05T00:56:48.253Z
cmnjwqic6002zchyd5g4peqsa,Agua (Indirecto),cmnl1lsg60000trjnqa3tu7aa,Recetas (costeo),10000,ml,3.5,Costo unitario (hoja): — | Cantidad (hoja): 200 ml,seed:receta:aromatica:L1,,2026-04-05T00:56:48.253Z,,0,2026-04-04T05:44:05.718Z,2026-04-05T00:56:48.253Z
cmnjwqic90030chydclie0jqx,Energía (Indirecto),cmnl1lsg60000trjnqa3tu7aa,Recetas (costeo),10000,porción,200,Costo unitario (hoja): — | Cantidad (hoja): —,seed:receta:aromatica:L2,,2026-04-05T00:56:48.252Z,,0,2026-04-04T05:44:05.721Z,2026-04-05T00:56:48.252Z
cmnjwqica0031chydb70k3k5t,Administración (30%),cmnl1lsg60000trjnqa3tu7aa,Recetas (costeo),10000,porción,420,Costo unitario (hoja): — | Cantidad (hoja): —,seed:receta:aromatica:L3,,2026-04-05T00:48:10.090Z,,0,2026-04-04T05:44:05.722Z,2026-04-05T00:48:10.092Z
cmnjwqicm0037chyd8g9oxzjj,Aromática,cmnl1lsg60000trjnqa3tu7aa,Recetas (costeo),10000,porción,1000,Costo unitario (hoja): — | Cantidad (hoja): —,seed:receta:jarra-de-aromatica-con-fruta:L0,,2026-04-05T00:56:48.256Z,,0,2026-04-04T05:44:05.734Z,2026-04-05T00:56:48.256Z
cmnjwqicp0038chydisuqtw5f,Fruta,cmnl1lsg60000trjnqa3tu7aa,Recetas (costeo),10000,porción,3000,Costo unitario (hoja): — | Cantidad (hoja): —,seed:receta:jarra-de-aromatica-con-fruta:L1,,2026-04-05T00:56:48.255Z,,0,2026-04-04T05:44:05.737Z,2026-04-05T00:56:48.255Z
cmnjwqicq0039chydfe9ur2ve,Agua (Indirecto),cmnl1lsg60000trjnqa3tu7aa,Recetas (costeo),10000,ml,0.7,Costo unitario (hoja): — | Cantidad (hoja): 1000 ml,seed:receta:jarra-de-aromatica-con-fruta:L2,,2026-04-05T00:56:48.255Z,,0,2026-04-04T05:44:05.738Z,2026-04-05T00:56:48.255Z
cmnjwqicr003achydsw01rw2b,Energía (Indirecto),cmnl1lsg60000trjnqa3tu7aa,Recetas (costeo),10000,porción,500,Costo unitario (hoja): — | Cantidad (hoja): —,seed:receta:jarra-de-aromatica-con-fruta:L3,,2026-04-05T00:56:48.254Z,,0,2026-04-04T05:44:05.739Z,2026-04-05T00:56:48.254Z
cmnjwqics003bchydh171ldef,Administración (30%),cmnl1lsg60000trjnqa3tu7aa,Recetas (costeo),10000,porción,1560,Costo unitario (hoja): — | Cantidad (hoja): —,seed:receta:jarra-de-aromatica-con-fruta:L4,,2026-04-05T00:48:10.090Z,,0,2026-04-04T05:44:05.740Z,2026-04-05T00:48:10.092Z
cmnkrlq940000gvyd9g3zoaps,Cerveza,cmnl1lsg60000trjnqa3tu7aa,Recetas (costeo),10000,ml,10.61,Costo unitario (hoja): — | Cantidad (hoja): 330 ml,seed:receta:cerveza-michelada:L0,,2026-04-05T00:56:48.258Z,,0,2026-04-04T20:08:10.792Z,2026-04-05T00:56:48.258Z
cmnkrlq9g0001gvydp7woj1av,Limón,cmnl1lsg60000trjnqa3tu7aa,Recetas (costeo),10000,ml,13.33,Costo unitario (hoja): — | Cantidad (hoja): 30 ml,seed:receta:cerveza-michelada:L1,,2026-04-05T00:56:48.257Z,,0,2026-04-04T20:08:10.804Z,2026-04-05T00:56:48.257Z
cmnkrlq9j0002gvyd2jaspwe5,Sal / picante,cmnl1lsg60000trjnqa3tu7aa,Recetas (costeo),10000,porción,100,Costo unitario (hoja): — | Cantidad (hoja): 1 porción,seed:receta:cerveza-michelada:L2,,2026-04-05T00:56:48.256Z,,0,2026-04-04T20:08:10.807Z,2026-04-05T00:56:48.257Z
cmnkrlq9l0003gvydo44utofz,Administración (30%),cmnl1lsg60000trjnqa3tu7aa,Recetas (costeo),10000,porción,1200,Costo unitario (hoja): — | Cantidad (hoja): —,seed:receta:cerveza-michelada:L3,,2026-04-05T00:48:10.090Z,,0,2026-04-04T20:08:10.809Z,2026-04-05T00:48:10.092Z
cmnkrlqa80009gvydbgzwndq7,Fruta cítrica,cmnl1lsg60000trjnqa3tu7aa,Recetas (costeo),10000,g,16.67,Costo unitario (hoja): — | Cantidad (hoja): 300 g,seed:receta:jarra-de-hervidos:L0,,2026-04-05T00:56:48.265Z,,0,2026-04-04T20:08:10.832Z,2026-04-05T00:56:48.265Z
cmnkrlqaa000agvydasn51eg8,Licor artesanal (cóctel),cmnl1lsg60000trjnqa3tu7aa,Recetas (costeo),10000,ml,17,Costo unitario (hoja): $17/ml | Cantidad (hoja): 213 ml,seed:receta:jarra-de-hervidos:L1,,2026-04-05T00:56:48.264Z,,0,2026-04-04T20:08:10.834Z,2026-04-05T00:56:48.264Z
cmnkrlqab000bgvydteqg3kje,Azúcar,cmnl1lsg60000trjnqa3tu7aa,Recetas (costeo),10000,g,10,Costo unitario (hoja): — | Cantidad (hoja): 80 g,seed:receta:jarra-de-hervidos:L2,,2026-04-05T00:56:48.262Z,,0,2026-04-04T20:08:10.835Z,2026-04-05T00:56:48.262Z
cmnkrlqac000cgvyd1j9hxtjx,Agua (Indirecto),cmnl1lsg60000trjnqa3tu7aa,Recetas (costeo),10000,ml,0.7,Costo unitario (hoja): — | Cantidad (hoja): 1000 ml,seed:receta:jarra-de-hervidos:L3,,2026-04-05T00:56:48.261Z,,0,2026-04-04T20:08:10.836Z,2026-04-05T00:56:48.261Z
cmnkrlqad000dgvydktn3ajw6,Energía (Indirecto),cmnl1lsg60000trjnqa3tu7aa,Recetas (costeo),10000,porción,500,Costo unitario (hoja): — | Cantidad (hoja): —,seed:receta:jarra-de-hervidos:L4,,2026-04-05T00:56:48.259Z,,0,2026-04-04T20:08:10.837Z,2026-04-05T00:56:48.260Z
cmnkrlqae000egvydl7i21u7n,Administración (30%),cmnl1lsg60000trjnqa3tu7aa,Recetas (costeo),10000,porción,3186,Costo unitario (hoja): — | Cantidad (hoja): —,seed:receta:jarra-de-hervidos:L5,,2026-04-05T00:48:10.090Z,,0,2026-04-04T20:08:10.838Z,2026-04-05T00:48:10.092Z
cmnkrlqas000mgvydqwg3w43k,Ginebra (cóctel),cmnl1lsg60000trjnqa3tu7aa,Recetas (costeo),10000,oz,3000,Costo unitario (hoja): $3.000/oz | Cantidad (hoja): 2 oz,seed:receta:coctel-arandano:L0,,2026-04-05T00:56:48.268Z,,0,2026-04-04T20:08:10.852Z,2026-04-05T00:56:48.268Z
cmnkrlqat000ngvydzf4nu52i,Sirope arándano,cmnl1lsg60000trjnqa3tu7aa,Recetas (costeo),10000,porción,1500,Costo unitario (hoja): — | Cantidad (hoja): —,seed:receta:coctel-arandano:L1,,2026-04-05T00:56:48.267Z,,0,2026-04-04T20:08:10.853Z,2026-04-05T00:56:48.267Z
cmnkrlqay000ogvydjt7w0r8f,Hielo,cmnl1lsg60000trjnqa3tu7aa,Recetas (costeo),10000,porción,200,Costo unitario (hoja): — | Cantidad (hoja): —,seed:receta:coctel-arandano:L2,,2026-04-05T00:56:48.266Z,,0,2026-04-04T20:08:10.858Z,2026-04-05T00:56:48.267Z
cmnkrlqb1000pgvydc312bfuq,Energía (Indirecto),cmnl1lsg60000trjnqa3tu7aa,Recetas (costeo),10000,porción,300,Costo unitario (hoja): — | Cantidad (hoja): —,seed:receta:coctel-arandano:L3,,2026-04-05T00:56:48.266Z,,0,2026-04-04T20:08:10.861Z,2026-04-05T00:56:48.266Z
cmnkrlqb2000qgvyd71veuoya,Administración (30%),cmnl1lsg60000trjnqa3tu7aa,Recetas (costeo),10000,porción,2400,Costo unitario (hoja): — | Cantidad (hoja): —,seed:receta:coctel-arandano:L4,,2026-04-05T00:48:10.090Z,,0,2026-04-04T20:08:10.862Z,2026-04-05T00:48:10.092Z
cmnkrlqbf000xgvydae37fjek,Tequila (cóctel),cmnl1lsg60000trjnqa3tu7aa,Recetas (costeo),10000,oz,3000,Costo unitario (hoja): $3.000/oz | Cantidad (hoja): 2 oz,seed:receta:margarita:L0,,2026-04-05T00:56:48.273Z,,0,2026-04-04T20:08:10.875Z,2026-04-05T00:56:48.273Z
cmnkrlqbi000ygvyd5qz56zpj,Limón,cmnl1lsg60000trjnqa3tu7aa,Recetas (costeo),10000,porción,400,Costo unitario (hoja): — | Cantidad (hoja): —,seed:receta:margarita:L1,,2026-04-05T00:56:48.273Z,,0,2026-04-04T20:08:10.878Z,2026-04-05T00:56:48.273Z
cmnkrlqbl000zgvydb2e4a57o,Sirope,cmnl1lsg60000trjnqa3tu7aa,Recetas (costeo),10000,porción,600,Costo unitario (hoja): — | Cantidad (hoja): —,seed:receta:margarita:L2,,2026-04-05T00:56:48.270Z,,0,2026-04-04T20:08:10.881Z,2026-04-05T00:56:48.270Z
cmnkrlqbp0010gvyd50yfqn4l,Sal,cmnl1lsg60000trjnqa3tu7aa,Recetas (costeo),10000,porción,100,Costo unitario (hoja): — | Cantidad (hoja): —,seed:receta:margarita:L3,,2026-04-05T00:56:48.269Z,,0,2026-04-04T20:08:10.885Z,2026-04-05T00:56:48.269Z
cmnkrlqbr0011gvydluhj0edz,Hielo,cmnl1lsg60000trjnqa3tu7aa,Recetas (costeo),10000,porción,200,Costo unitario (hoja): — | Cantidad (hoja): —,seed:receta:margarita:L4,,2026-04-05T00:56:48.269Z,,0,2026-04-04T20:08:10.887Z,2026-04-05T00:56:48.269Z
cmnkrlqbt0012gvyd46xtkdy4,Energía (Indirecto),cmnl1lsg60000trjnqa3tu7aa,Recetas (costeo),10000,porción,300,Costo unitario (hoja): — | Cantidad (hoja): —,seed:receta:margarita:L5,,2026-04-05T00:56:48.268Z,,0,2026-04-04T20:08:10.889Z,2026-04-05T00:56:48.268Z
cmnkrlqbv0013gvyd5fs4xctb,Administración (30%),cmnl1lsg60000trjnqa3tu7aa,Recetas (costeo),10000,porción,2280,Costo unitario (hoja): — | Cantidad (hoja): —,seed:receta:margarita:L6,,2026-04-05T00:48:10.090Z,,0,2026-04-04T20:08:10.891Z,2026-04-05T00:48:10.092Z
cmnkrlqcm001cgvydq6th6uih,Ron (cóctel),cmnl1lsg60000trjnqa3tu7aa,Recetas (costeo),10000,oz,2200,Costo unitario (hoja): $2.200/oz | Cantidad (hoja): 2 oz,seed:receta:pina-colada:L0,,2026-04-05T00:56:48.276Z,,0,2026-04-04T20:08:10.918Z,2026-04-05T00:56:48.276Z
cmnkrlqcr001dgvydd2x1fezi,Crema de coco,cmnl1lsg60000trjnqa3tu7aa,Recetas (costeo),10000,porción,2000,Costo unitario (hoja): — | Cantidad (hoja): —,seed:receta:pina-colada:L1,,2026-04-05T00:56:48.275Z,,0,2026-04-04T20:08:10.923Z,2026-04-05T00:56:48.275Z
cmnkrlqd7001egvydbpx6stuo,Piña,cmnl1lsg60000trjnqa3tu7aa,Recetas (costeo),10000,porción,1500,Costo unitario (hoja): — | Cantidad (hoja): —,seed:receta:pina-colada:L2,,2026-04-05T00:56:48.275Z,,0,2026-04-04T20:08:10.939Z,2026-04-05T00:56:48.275Z
cmnkrlqd8001fgvydd6wq8f8n,Hielo,cmnl1lsg60000trjnqa3tu7aa,Recetas (costeo),10000,porción,200,Costo unitario (hoja): — | Cantidad (hoja): —,seed:receta:pina-colada:L3,,2026-04-05T00:56:48.274Z,,0,2026-04-04T20:08:10.940Z,2026-04-05T00:56:48.274Z
cmnkrlqd9001ggvydao497ook,Energía (Indirecto),cmnl1lsg60000trjnqa3tu7aa,Recetas (costeo),10000,porción,300,Costo unitario (hoja): — | Cantidad (hoja): —,seed:receta:pina-colada:L4,,2026-04-05T00:56:48.274Z,,0,2026-04-04T20:08:10.941Z,2026-04-05T00:56:48.274Z
cmnkrlqda001hgvydpqjgft7g,Administración (30%),cmnl1lsg60000trjnqa3tu7aa,Recetas (costeo),10000,porción,2520,Costo unitario (hoja): — | Cantidad (hoja): —,seed:receta:pina-colada:L5,,2026-04-05T00:48:10.090Z,,0,2026-04-04T20:08:10.942Z,2026-04-05T00:48:10.092Z
cmnkrlqdi001pgvydnrjfve9c,Ginebra (cóctel),cmnl1lsg60000trjnqa3tu7aa,Recetas (costeo),10000,oz,3000,Costo unitario (hoja): $3.000/oz | Cantidad (hoja): 2 oz,seed:receta:negroni:L0,,2026-04-05T00:56:48.281Z,,0,2026-04-04T20:08:10.950Z,2026-04-05T00:56:48.281Z
cmnkrlqdl001qgvydkd4zq669,Campari,cmnl1lsg60000trjnqa3tu7aa,Recetas (costeo),10000,porción,3000,Costo unitario (hoja): — | Cantidad (hoja): —,seed:receta:negroni:L1,,2026-04-05T00:56:48.281Z,,0,2026-04-04T20:08:10.953Z,2026-04-05T00:56:48.281Z
cmnkrlqdm001rgvydqx4xwwnz,Naranja,cmnl1lsg60000trjnqa3tu7aa,Recetas (costeo),10000,porción,300,Costo unitario (hoja): — | Cantidad (hoja): —,seed:receta:negroni:L2,,2026-04-05T00:56:48.280Z,,0,2026-04-04T20:08:10.954Z,2026-04-05T00:56:48.280Z
cmnkrlqdn001sgvyd5mccazj3,Hielo,cmnl1lsg60000trjnqa3tu7aa,Recetas (costeo),10000,porción,200,Costo unitario (hoja): — | Cantidad (hoja): —,seed:receta:negroni:L3,,2026-04-05T00:56:48.278Z,,0,2026-04-04T20:08:10.955Z,2026-04-05T00:56:48.278Z
cmnkrlqdo001tgvyd6qxhe2fy,Administración (30%),cmnl1lsg60000trjnqa3tu7aa,Recetas (costeo),10000,porción,2850,Costo unitario (hoja): — | Cantidad (hoja): —,seed:receta:negroni:L4,,2026-04-05T00:48:10.090Z,,0,2026-04-04T20:08:10.956Z,2026-04-05T00:48:10.092Z
cmnkrlqdu0020gvydyisqui8m,Vodka (cóctel),cmnl1lsg60000trjnqa3tu7aa,Recetas (costeo),10000,oz,2200,Costo unitario (hoja): $2.200/oz | Cantidad (hoja): 2 oz,seed:receta:moscow-mule:L0,,2026-04-05T00:56:48.285Z,,0,2026-04-04T20:08:10.962Z,2026-04-05T00:56:48.285Z
cmnkrlqdv0021gvydvjgbaxze,Ginger beer,cmnl1lsg60000trjnqa3tu7aa,Recetas (costeo),10000,porción,2000,Costo unitario (hoja): — | Cantidad (hoja): —,seed:receta:moscow-mule:L1,,2026-04-05T00:56:48.284Z,,0,2026-04-04T20:08:10.963Z,2026-04-05T00:56:48.284Z
cmnkrlqdw0022gvyddj1alocn,Limón,cmnl1lsg60000trjnqa3tu7aa,Recetas (costeo),10000,porción,300,Costo unitario (hoja): — | Cantidad (hoja): —,seed:receta:moscow-mule:L2,,2026-04-05T00:56:48.283Z,,0,2026-04-04T20:08:10.964Z,2026-04-05T00:56:48.283Z
cmnkrlqdx0023gvydi70woeiu,Hielo,cmnl1lsg60000trjnqa3tu7aa,Recetas (costeo),10000,porción,200,Costo unitario (hoja): — | Cantidad (hoja): —,seed:receta:moscow-mule:L3,,2026-04-05T00:56:48.282Z,,0,2026-04-04T20:08:10.965Z,2026-04-05T00:56:48.282Z
cmnkrlqdy0024gvydtlsn1az9,Administración (30%),cmnl1lsg60000trjnqa3tu7aa,Recetas (costeo),10000,porción,2070,Costo unitario (hoja): — | Cantidad (hoja): —,seed:receta:moscow-mule:L4,,2026-04-05T00:48:10.090Z,,0,2026-04-04T20:08:10.966Z,2026-04-05T00:48:10.092Z
cmnkrlqe5002bgvydeh8rrev1,Ginebra (cóctel),cmnl1lsg60000trjnqa3tu7aa,Recetas (costeo),10000,oz,3000,Costo unitario (hoja): $3.000/oz | Cantidad (hoja): 2 oz,seed:receta:gin-tonic:L0,,2026-04-05T00:56:48.291Z,,0,2026-04-04T20:08:10.973Z,2026-04-05T00:56:48.291Z
cmnkrlqe6002cgvydc51880gs,Tónica,cmnl1lsg60000trjnqa3tu7aa,Recetas (costeo),10000,porción,1500,Costo unitario (hoja): — | Cantidad (hoja): —,seed:receta:gin-tonic:L1,,2026-04-05T00:56:48.288Z,,0,2026-04-04T20:08:10.974Z,2026-04-05T00:56:48.288Z
cmnkrlqe7002dgvyd7hbjlewx,Limón,cmnl1lsg60000trjnqa3tu7aa,Recetas (costeo),10000,porción,300,Costo unitario (hoja): — | Cantidad (hoja): —,seed:receta:gin-tonic:L2,,2026-04-05T00:56:48.287Z,,0,2026-04-04T20:08:10.975Z,2026-04-05T00:56:48.287Z
cmnkrlqe8002egvyd7fm64w05,Hielo,cmnl1lsg60000trjnqa3tu7aa,Recetas (costeo),10000,porción,200,Costo unitario (hoja): — | Cantidad (hoja): —,seed:receta:gin-tonic:L3,,2026-04-05T00:56:48.286Z,,0,2026-04-04T20:08:10.976Z,2026-04-05T00:56:48.286Z
cmnkrlqe9002fgvyd6966yalb,Administración (30%),cmnl1lsg60000trjnqa3tu7aa,Recetas (costeo),10000,porción,2400,Costo unitario (hoja): — | Cantidad (hoja): —,seed:receta:gin-tonic:L4,,2026-04-05T00:48:10.090Z,,0,2026-04-04T20:08:10.977Z,2026-04-05T00:48:10.092Z
cmnkrlqef002mgvydzd6cdlq8,Whisky Old Parr,cmnl1lsg60000trjnqa3tu7aa,Recetas (costeo),10000,oz,6800,Costo unitario (hoja): $6.800/oz | Cantidad (hoja): 2 oz,seed:receta:whisky-en-las-rocas:L0,,2026-04-05T00:56:48.293Z,,0,2026-04-04T20:08:10.983Z,2026-04-05T00:56:48.293Z
cmnkrlqeh002ngvyd8xl6khw4,Hielo,cmnl1lsg60000trjnqa3tu7aa,Recetas (costeo),10000,porción,200,Costo unitario (hoja): — | Cantidad (hoja): —,seed:receta:whisky-en-las-rocas:L1,,2026-04-05T00:56:48.292Z,,0,2026-04-04T20:08:10.985Z,2026-04-05T00:56:48.292Z
cmnkrlqeh002ogvydn3uycoxs,Administración (30%),cmnl1lsg60000trjnqa3tu7aa,Recetas (costeo),10000,porción,4140,Costo unitario (hoja): — | Cantidad (hoja): —,seed:receta:whisky-en-las-rocas:L2,,2026-04-05T00:48:10.090Z,,0,2026-04-04T20:08:10.985Z,2026-04-05T00:48:10.092Z
cmnkrlqep002tgvydfvjcj3iw,Vodka Smirnoff Tamarindo,cmnl1lsg60000trjnqa3tu7aa,Recetas (costeo),10000,oz,2600,Costo unitario (hoja): $2.600 | Cantidad (hoja): 1 oz,seed:receta:shot-vodka:L0,,2026-04-05T00:56:48.296Z,,0,2026-04-04T20:08:10.993Z,2026-04-05T00:56:48.296Z
cmnkrlqeq002ugvydzp96leea,Limón / sal,cmnl1lsg60000trjnqa3tu7aa,Recetas (costeo),10000,porción,300,Costo unitario (hoja): — | Cantidad (hoja): —,seed:receta:shot-vodka:L1,,2026-04-05T00:56:48.294Z,,0,2026-04-04T20:08:10.994Z,2026-04-05T00:56:48.294Z
cmnkrlqet002vgvyde875nusp,Administración (30%),cmnl1lsg60000trjnqa3tu7aa,Recetas (costeo),10000,porción,870,Costo unitario (hoja): — | Cantidad (hoja): —,seed:receta:shot-vodka:L2,,2026-04-05T00:48:10.090Z,,0,2026-04-04T20:08:10.997Z,2026-04-05T00:48:10.092Z
cmnkrlqf10030gvydt28i5vr0,Tequila Olmeca,cmnl1lsg60000trjnqa3tu7aa,Recetas (costeo),10000,oz,4400,Costo unitario (hoja): $4.400 | Cantidad (hoja): 1 oz,seed:receta:shot-tequila:L0,,2026-04-05T00:56:48.297Z,,0,2026-04-04T20:08:11.005Z,2026-04-05T00:56:48.297Z
cmnkrlqf20031gvydqnkxgoy1,Limón / sal,cmnl1lsg60000trjnqa3tu7aa,Recetas (costeo),10000,porción,300,Costo unitario (hoja): — | Cantidad (hoja): —,seed:receta:shot-tequila:L1,,2026-04-05T00:56:48.296Z,,0,2026-04-04T20:08:11.006Z,2026-04-05T00:56:48.297Z
cmnkrlqf30032gvydvoxji4uk,Administración (30%),cmnl1lsg60000trjnqa3tu7aa,Recetas (costeo),10000,porción,1410,Costo unitario (hoja): — | Cantidad (hoja): —,seed:receta:shot-tequila:L2,,2026-04-05T00:48:10.090Z,,0,2026-04-04T20:08:11.007Z,2026-04-05T00:48:10.092Z
cmnkrlqf90037gvydq950itex,Aguardiente Nariño / Amarillo,cmnl1lsg60000trjnqa3tu7aa,Recetas (costeo),10000,oz,2600,Costo unitario (hoja): $2.600 | Cantidad (hoja): 1 oz,seed:receta:shot-aguardiente:L0,,2026-04-05T00:56:48.298Z,,0,2026-04-04T20:08:11.013Z,2026-04-05T00:56:48.299Z
cmnkrlqfb0038gvyddpsl7f25,Limón / sal,cmnl1lsg60000trjnqa3tu7aa,Recetas (costeo),10000,porción,300,Costo unitario (hoja): — | Cantidad (hoja): —,seed:receta:shot-aguardiente:L1,,2026-04-05T00:56:48.298Z,,0,2026-04-04T20:08:11.015Z,2026-04-05T00:56:48.298Z
cmnkrlqfc0039gvydf55z8737,Administración (30%),cmnl1lsg60000trjnqa3tu7aa,Recetas (costeo),10000,porción,870,Costo unitario (hoja): — | Cantidad (hoja): —,seed:receta:shot-aguardiente:L2,,2026-04-05T00:48:10.090Z,,0,2026-04-04T20:08:11.016Z,2026-04-05T00:48:10.092Z
cmnkrlqfh003egvydvf1f08jk,Ginebra Gordon’s,cmnl1lsg60000trjnqa3tu7aa,Recetas (costeo),10000,oz,3800,Costo unitario (hoja): $3.800 | Cantidad (hoja): 1 oz,seed:receta:shot-ginebra:L0,,2026-04-05T00:56:48.300Z,,0,2026-04-04T20:08:11.021Z,2026-04-05T00:56:48.300Z
cmnkrlqfi003fgvyd0y32ccyc,Limón / aceituna,cmnl1lsg60000trjnqa3tu7aa,Recetas (costeo),10000,porción,300,Costo unitario (hoja): — | Cantidad (hoja): —,seed:receta:shot-ginebra:L1,,2026-04-05T00:56:48.299Z,,0,2026-04-04T20:08:11.022Z,2026-04-05T00:56:48.299Z
cmnkrlqfj003ggvyd2m9dvhya,Administración (30%),cmnl1lsg60000trjnqa3tu7aa,Recetas (costeo),10000,porción,1230,Costo unitario (hoja): — | Cantidad (hoja): —,seed:receta:shot-ginebra:L2,,2026-04-05T00:48:10.090Z,,0,2026-04-04T20:08:11.023Z,2026-04-05T00:48:10.092Z
cmnkrlqfp003lgvyda1gaqkzr,Whisky Old Parr,cmnl1lsg60000trjnqa3tu7aa,Recetas (costeo),10000,oz,6800,Costo unitario (hoja): $6.800 | Cantidad (hoja): 1 oz,seed:receta:shot-whisky:L0,,2026-04-05T00:56:48.302Z,,0,2026-04-04T20:08:11.029Z,2026-04-05T00:56:48.302Z
cmnkrlqfq003mgvyd75hzln4r,Limón,cmnl1lsg60000trjnqa3tu7aa,Recetas (costeo),10000,porción,300,Costo unitario (hoja): — | Cantidad (hoja): —,seed:receta:shot-whisky:L1,,2026-04-05T00:56:48.301Z,,0,2026-04-04T20:08:11.030Z,2026-04-05T00:56:48.301Z
cmnkrlqfs003ngvyd8mzf5zfn,Administración (30%),cmnl1lsg60000trjnqa3tu7aa,Recetas (costeo),10000,porción,2130,Costo unitario (hoja): — | Cantidad (hoja): —,seed:receta:shot-whisky:L2,,2026-04-05T00:48:10.090Z,,0,2026-04-04T20:08:11.032Z,2026-04-05T00:48:10.092Z
cmnkrtcwf0000xtyde3vi4q0p,Tostada integral,cmnl1lsg60000trjnqa3tu7aa,Recetas (costeo),10000,und,400,Costo unitario (hoja): $400 | Cantidad (hoja): 1 und,seed:receta:tostadas:L0,,2026-04-05T00:56:48.303Z,,0,2026-04-04T20:14:06.735Z,2026-04-05T00:56:48.303Z
cmnkrtcwl0001xtydoqzjmkng,Mantequilla / mermelada,cmnl1lsg60000trjnqa3tu7aa,Recetas (costeo),10000,porción,400,Costo unitario (hoja): — | Cantidad (hoja): —,seed:receta:tostadas:L1,,2026-04-05T00:56:48.302Z,,0,2026-04-04T20:14:06.741Z,2026-04-05T00:56:48.302Z
cmnkrtcwo0002xtyddpt1k8fm,Administración (30%),cmnl1lsg60000trjnqa3tu7aa,Recetas (costeo),10000,porción,240,Costo unitario (hoja): — | Cantidad (hoja): —,seed:receta:tostadas:L2,,2026-04-05T00:48:10.090Z,,0,2026-04-04T20:14:06.744Z,2026-04-05T00:48:10.092Z
cmnkrtcxm0007xtydctg858dv,Pan suave,cmnl1lsg60000trjnqa3tu7aa,Recetas (costeo),10000,und,800,Costo unitario (hoja): — | Cantidad (hoja): 1 und,seed:receta:hot-dog:L0,,2026-04-05T00:56:48.313Z,,0,2026-04-04T20:14:06.778Z,2026-04-05T00:56:48.313Z
cmnkrtcxo0008xtyd54m2mbth,Salchicha premium,cmnl1lsg60000trjnqa3tu7aa,Recetas (costeo),10000,und,2500,Costo unitario (hoja): — | Cantidad (hoja): 1 und,seed:receta:hot-dog:L1,,2026-04-05T00:56:48.312Z,,0,2026-04-04T20:14:06.780Z,2026-04-05T00:56:48.312Z
cmnkrtcxr0009xtyd4xij8ky5,Queso,cmnl1lsg60000trjnqa3tu7aa,Recetas (costeo),10000,porción,800,Costo unitario (hoja): — | Cantidad (hoja): —,seed:receta:hot-dog:L2,,2026-04-05T00:56:48.311Z,,0,2026-04-04T20:14:06.783Z,2026-04-05T00:56:48.311Z
cmnkrtcxs000axtyd2lh2dkhy,Papa triturada,cmnl1lsg60000trjnqa3tu7aa,Recetas (costeo),10000,porción,500,Costo unitario (hoja): — | Cantidad (hoja): —,seed:receta:hot-dog:L3,,2026-04-05T00:56:48.309Z,,0,2026-04-04T20:14:06.784Z,2026-04-05T00:56:48.309Z
cmnkrtcxt000bxtydfdyqrcuj,Salsas,cmnl1lsg60000trjnqa3tu7aa,Recetas (costeo),10000,porción,300,Costo unitario (hoja): — | Cantidad (hoja): —,seed:receta:hot-dog:L4,,2026-04-05T00:56:48.308Z,,0,2026-04-04T20:14:06.785Z,2026-04-05T00:56:48.308Z
cmnkrtcxv000cxtydcty89bho,Jalapeños,cmnl1lsg60000trjnqa3tu7aa,Recetas (costeo),10000,porción,300,Costo unitario (hoja): — | Cantidad (hoja): —,seed:receta:hot-dog:L5,,2026-04-05T00:56:48.304Z,,0,2026-04-04T20:14:06.787Z,2026-04-05T00:56:48.304Z
cmnkrtcxx000dxtydfb704qj3,Administración (30%),cmnl1lsg60000trjnqa3tu7aa,Recetas (costeo),10000,porción,1560,Costo unitario (hoja): — | Cantidad (hoja): —,seed:receta:hot-dog:L6,,2026-04-05T00:48:10.090Z,,0,2026-04-04T20:14:06.789Z,2026-04-05T00:48:10.092Z
cmnkrtcyo000mxtyd07h0bukt,Hot Dog base,cmnl1lsg60000trjnqa3tu7aa,Recetas (costeo),10000,und,5200,Costo unitario (hoja): — | Cantidad (hoja): 1 und,seed:receta:hot-dog-en-combo:L0,,2026-04-05T00:56:48.315Z,,0,2026-04-04T20:14:06.816Z,2026-04-05T00:56:48.315Z
cmnkrtcyq000nxtyd3y41w9ar,Gaseosa (vaso),cmnl1lsg60000trjnqa3tu7aa,Recetas (costeo),10000,porción,1000,Costo unitario (hoja): — | Cantidad (hoja): —,seed:receta:hot-dog-en-combo:L1,,2026-04-05T00:56:48.314Z,,0,2026-04-04T20:14:06.818Z,2026-04-05T00:56:48.314Z
cmnkrtcyy000oxtydpxkapntx,Papas chips,cmnl1lsg60000trjnqa3tu7aa,Recetas (costeo),10000,porción,1500,Costo unitario (hoja): — | Cantidad (hoja): —,seed:receta:hot-dog-en-combo:L2,,2026-04-05T00:56:48.314Z,,0,2026-04-04T20:14:06.826Z,2026-04-05T00:56:48.314Z
cmnkrtcz1000pxtydbsqbw3aw,Administración (30%),cmnl1lsg60000trjnqa3tu7aa,Recetas (costeo),10000,porción,2310,Costo unitario (hoja): — | Cantidad (hoja): —,seed:receta:hot-dog-en-combo:L3,,2026-04-05T00:48:10.090Z,,0,2026-04-04T20:14:06.829Z,2026-04-05T00:48:10.092Z
cmnlajbmv0001ucydxzestaaw,Café molido,cmnlajblc0000ucydh147k0t9,Insumos (recetas),0,g,81.47,"Costo unitario (hoja): $81,5/g | Cantidad (hoja): 15 g",,,,,0,2026-04-05T04:58:11.239Z,2026-04-05T04:58:11.239Z
cmnlajbop000ducydvsgedmf6,Aguardiente nariño,cmnlajblc0000ucydh147k0t9,Insumos (recetas),0,ml,75,Costo unitario (hoja): $75/ml | Cantidad (hoja): 30 ml,,,,,0,2026-04-05T04:58:11.305Z,2026-04-05T04:58:11.305Z
cmnlajbp7000kucydwol26awg,Leche,cmnlajblc0000ucydh147k0t9,Insumos (recetas),0,ml,8.33,Costo unitario (hoja): — | Cantidad (hoja): 60 ml,,,,,0,2026-04-05T04:58:11.323Z,2026-04-05T04:58:11.323Z
cmnlajbpi000rucydcvdodwt9,Whisky para cóctel,cmnlajblc0000ucydh147k0t9,Insumos (recetas),0,ml,80,Costo unitario (hoja): $80/ml | Cantidad (hoja): 60 ml,,,,,0,2026-04-05T04:58:11.334Z,2026-04-05T04:58:11.334Z
cmnlajbr90012ucydqj3821od,Café preparado,cmnlajblc0000ucydh147k0t9,Insumos (recetas),0,ml,10,Costo unitario (hoja): — | Cantidad (hoja): 120 ml,,,,,0,2026-04-05T04:58:11.397Z,2026-04-05T04:58:11.397Z
cmnlajbrc0013ucydpkf0p5ta,Chispas de chocolate,cmnlajblc0000ucydh147k0t9,Insumos (recetas),0,g,50,Costo unitario (hoja): — | Cantidad (hoja): 10 g,,,,,0,2026-04-05T04:58:11.400Z,2026-04-05T04:58:11.400Z
cmnlajbrd0014ucydi5720cry,Arequipe,cmnlajblc0000ucydh147k0t9,Insumos (recetas),0,g,30,Costo unitario (hoja): — | Cantidad (hoja): 20 g,,,,,0,2026-04-05T04:58:11.401Z,2026-04-05T04:58:11.401Z
cmnlajbrf0015ucydqytdd7uw,Chantilly (lata),cmnlajblc0000ucydh147k0t9,Insumos (recetas),0,g,50,Costo unitario (hoja): — | Cantidad (hoja): 30 g,,,,,0,2026-04-05T04:58:11.403Z,2026-04-05T04:58:11.403Z
cmnlajbrv001gucydx3hnbgam,Espresso,cmnlajblc0000ucydh147k0t9,Insumos (recetas),0,ml,20,Costo unitario (hoja): — | Cantidad (hoja): 60 ml,,,,,0,2026-04-05T04:58:11.419Z,2026-04-05T04:58:11.419Z
cmnlajc7b0000vqyd2ut4xfwf,Cerveza,cmnlajblc0000ucydh147k0t9,Insumos (recetas),0,ml,10.61,Costo unitario (hoja): — | Cantidad (hoja): 330 ml,,,,,0,2026-04-05T04:58:11.975Z,2026-04-05T04:58:11.975Z
cmnlajc7k0001vqydxblx7dww,Limón,cmnlajblc0000ucydh147k0t9,Insumos (recetas),0,ml,13.33,Costo unitario (hoja): — | Cantidad (hoja): 30 ml,,,,,0,2026-04-05T04:58:11.984Z,2026-04-05T04:58:11.984Z
cmnlajc7n0002vqydxx3fdg5f,Sal / picante,cmnlajblc0000ucydh147k0t9,Insumos (recetas),0,porción,100,Costo unitario (hoja): — | Cantidad (hoja): 1 porción,,,,,0,2026-04-05T04:58:11.987Z,2026-04-05T04:58:11.987Z
cmnlajc890008vqyd6jaq0d2p,Fruta cítrica,cmnlajblc0000ucydh147k0t9,Insumos (recetas),0,g,16.67,Costo unitario (hoja): — | Cantidad (hoja): 300 g,,,,,0,2026-04-05T04:58:12.009Z,2026-04-05T04:58:12.009Z
cmnlajc8b0009vqydu8zq332i,Licor artesanal (cóctel),cmnlajblc0000ucydh147k0t9,Insumos (recetas),0,ml,17,Costo unitario (hoja): $17/ml | Cantidad (hoja): 213 ml,,,,,0,2026-04-05T04:58:12.011Z,2026-04-05T04:58:12.011Z
cmnlajc8f000avqydlu679ogz,Azúcar,cmnlajblc0000ucydh147k0t9,Insumos (recetas),0,g,10,Costo unitario (hoja): — | Cantidad (hoja): 80 g,,,,,0,2026-04-05T04:58:12.015Z,2026-04-05T04:58:12.015Z
cmnlajc8w000ivqydi0vdlnvn,Ginebra (cóctel),cmnlajblc0000ucydh147k0t9,Insumos (recetas),0,oz,3000,Costo unitario (hoja): $3.000/oz | Cantidad (hoja): 2 oz,,,,,0,2026-04-05T04:58:12.032Z,2026-04-05T04:58:12.032Z
cmnlajc9i000pvqydcp66uzpo,Tequila (cóctel),cmnlajblc0000ucydh147k0t9,Insumos (recetas),0,oz,3000,Costo unitario (hoja): $3.000/oz | Cantidad (hoja): 2 oz,,,,,0,2026-04-05T04:58:12.054Z,2026-04-05T04:58:12.054Z
cmnlajc9y000yvqyd8dlljla9,Ron (cóctel),cmnlajblc0000ucydh147k0t9,Insumos (recetas),0,oz,2200,Costo unitario (hoja): $2.200/oz | Cantidad (hoja): 2 oz,,,,,0,2026-04-05T04:58:12.070Z,2026-04-05T04:58:12.070Z
cmnlajcaw001cvqyd6942osua,Vodka (cóctel),cmnlajblc0000ucydh147k0t9,Insumos (recetas),0,oz,2200,Costo unitario (hoja): $2.200/oz | Cantidad (hoja): 2 oz,,,,,0,2026-04-05T04:58:12.104Z,2026-04-05T04:58:12.104Z
cmnlajcbd001pvqydxxdukht2,Whisky Old Parr,cmnlajblc0000ucydh147k0t9,Insumos (recetas),0,oz,6800,Costo unitario (hoja): $6.800/oz | Cantidad (hoja): 2 oz,,,,,0,2026-04-05T04:58:12.121Z,2026-04-05T04:58:12.121Z
cmnlajcbs001uvqydkm22k3he,Vodka Smirnoff Tamarindo,cmnlajblc0000ucydh147k0t9,Insumos (recetas),0,oz,2600,Costo unitario (hoja): $2.600 | Cantidad (hoja): 1 oz,,,,,0,2026-04-05T04:58:12.136Z,2026-04-05T04:58:12.136Z
cmnlajcc8001zvqydhnyfxqf7,Tequila Olmeca,cmnlajblc0000ucydh147k0t9,Insumos (recetas),0,oz,4400,Costo unitario (hoja): $4.400 | Cantidad (hoja): 1 oz,,,,,0,2026-04-05T04:58:12.152Z,2026-04-05T04:58:12.152Z
cmnlajccj0024vqyddw61p9sd,Aguardiente Nariño / Amarillo,cmnlajblc0000ucydh147k0t9,Insumos (recetas),0,oz,2600,Costo unitario (hoja): $2.600 | Cantidad (hoja): 1 oz,,,,,0,2026-04-05T04:58:12.163Z,2026-04-05T04:58:12.163Z
cmnlajccr0029vqydsqrjqm62,Ginebra Gordon’s,cmnlajblc0000ucydh147k0t9,Insumos (recetas),0,oz,3800,Costo unitario (hoja): $3.800 | Cantidad (hoja): 1 oz,,,,,0,2026-04-05T04:58:12.171Z,2026-04-05T04:58:12.171Z
cmnlajcpq0000wkyd8u5a26lc,Tostada integral,cmnlajblc0000ucydh147k0t9,Insumos (recetas),0,und,400,Costo unitario (hoja): $400 | Cantidad (hoja): 1 und,,,,,0,2026-04-05T04:58:12.638Z,2026-04-05T04:58:12.638Z
cmnlajcqj0005wkydynikdbru,Pan suave,cmnlajblc0000ucydh147k0t9,Insumos (recetas),0,und,800,Costo unitario (hoja): — | Cantidad (hoja): 1 und,,,,,0,2026-04-05T04:58:12.667Z,2026-04-05T04:58:12.667Z
cmnlajcql0006wkydncw6gunf,Salchicha premium,cmnlajblc0000ucydh147k0t9,Insumos (recetas),0,und,2500,Costo unitario (hoja): — | Cantidad (hoja): 1 und,,,,,0,2026-04-05T04:58:12.669Z,2026-04-05T04:58:12.669Z
cmnlajcqz000fwkydpy0nsstc,Hot Dog base,cmnlajblc0000ucydh147k0t9,Insumos (recetas),0,und,5200,Costo unitario (hoja): — | Cantidad (hoja): 1 und,,,,,0,2026-04-05T04:58:12.683Z,2026-04-05T04:58:12.683Z
inv-1767483353901-kx2to8c6y,Ponqué Ramo,cmnkwlk4700008xydbn9is6y0,INVENTORY::comestibles,0,Unidad,18590,Patty,PATY-20260103-001,,,2026-01-03T12:00:00.000Z,0,2026-01-18T01:31:43.534Z,2026-02-03T00:30:53.454Z
inv-1767483353905-n6abubp0m,Club Colombia Trigo,cmnkwlk6800038xyd1sss57is,INVENTORY::bebidas alcoholicas,0,Lata,3648.33,Proveedor no especificado,PROVEEDORNOE-20241229-001,,,2024-12-29T12:00:00.000Z,0,2026-01-18T01:31:43.534Z,2026-02-03T01:33:33.621Z
inv-1767483353905-q1dvhqyit,Poker latas,cmnkwlk6800038xyd1sss57is,INVENTORY::bebidas alcoholicas,26,Lata,2666.67,Proveedor no especificado,PROVEEDORNOE-20241229-001,,,2024-12-29T12:00:00.000Z,0,2026-01-18T01:31:43.534Z,2026-02-03T01:32:32.753Z
inv-1767483353905-rculqbs47,Four Loko,cmnkwlk6800038xyd1sss57is,INVENTORY::bebidas alcoholicas,0,Lata,15000,Proveedor no especificado,PROVEEDORNOE-20241229-001,,,2024-12-29T12:00:00.000Z,0,2026-01-18T01:31:43.534Z,2026-02-03T01:32:46.618Z
inv-1767483353905-sje33kukt,Águila lata,cmnkwlk6800038xyd1sss57is,INVENTORY::bebidas alcoholicas,6,Lata,3500,Proveedor no especificado,PROVEEDORNOE-20241229-001,,,2024-12-29T12:00:00.000Z,0,2026-01-18T01:31:43.534Z,2026-02-01T17:33:43.595Z
inv-1767483353905-uqwddngmo,Poker latones,cmnkwlk6800038xyd1sss57is,INVENTORY::bebidas alcoholicas,3,Latón,3333.33,Proveedor no especificado,PROVEEDORNOE-20241229-001,,,2024-12-29T12:00:00.000Z,0,2026-01-18T01:31:43.534Z,2026-02-03T01:31:39.767Z
inv-1767483353905-uteot8kax,Águila latón,cmnkwlk6800038xyd1sss57is,INVENTORY::bebidas alcoholicas,0,Latón,4000,Proveedor no especificado,PROVEEDORNOE-20241229-001,,,2024-12-29T12:00:00.000Z,0,2026-01-18T01:31:43.534Z,2026-02-03T01:28:54.648Z
inv-1767483353908-agu-est,Aguardiente,cmnkwlk6800038xyd1sss57is,INVENTORY::bebidas alcoholicas,1,Botella,51900,Proveedor no especificado,STOKSONIA-20241201-001,,,2024-12-01T12:00:00.000Z,0,2026-01-18T01:31:43.534Z,2026-02-03T01:27:54.635Z
inv-1767483353908-agu-nar,Aguardiente Nariño,cmnkwlk6800038xyd1sss57is,INVENTORY::bebidas alcoholicas,1,Botella,51900,Proveedor no especificado,STOKSONIA-20241201-001,,,2024-12-01T12:00:00.000Z,0,2026-01-18T01:31:43.534Z,2026-02-03T01:26:41.070Z
inv-1767483353908-c1ooa4r20,Smirnoff Tamarindo,cmnkwlk6800038xyd1sss57is,INVENTORY::bebidas alcoholicas,1,Botella,54750,Proveedor no especificado,PROVEEDORNOE-20241229-001,,,2024-12-29T12:00:00.000Z,0,2026-01-18T01:31:43.534Z,2026-02-03T01:31:08.644Z
inv-1767483353908-cha-art,Chapil artesanal,cmnkwlk6800038xyd1sss57is,INVENTORY::bebidas alcoholicas,0,Botella,10000,Proveedor no especificado,STOKSONIA-20241201-001,,,2024-12-01T12:00:00.000Z,0,2026-01-18T01:31:43.534Z,2026-02-03T01:25:27.148Z
inv-1767483353908-con-dom,Coñac Domecq,cmnkwlk6800038xyd1sss57is,INVENTORY::bebidas alcoholicas,0,Botella,15000,Proveedor no especificado,STOKSONIA-20241201-001,,,2024-12-01T12:00:00.000Z,0,2026-01-18T01:31:43.534Z,2026-02-03T01:25:15.068Z
inv-1767483353908-dlloi6yve,Vodka Moskovskaya,cmnkwlk6800038xyd1sss57is,INVENTORY::bebidas alcoholicas,0,Botella,58800,Proveedor no especificado,PROVEEDORNOE-20241229-001,,,2024-12-29T12:00:00.000Z,0,2026-01-18T01:31:43.534Z,2026-03-04T18:10:39.301Z
inv-1767483353908-gmu0i0sa7,Vino Cruzares,cmnkwlk6800038xyd1sss57is,INVENTORY::bebidas alcoholicas,0,Botella,20000,Proveedor no especificado,PROVEEDORNOE-20241229-001,,,2024-12-29T12:00:00.000Z,0,2026-01-18T01:31:43.534Z,2026-02-03T01:30:34.965Z
inv-1767483353908-gqfhutm09,Vino Santa Elena,cmnkwlk6800038xyd1sss57is,INVENTORY::bebidas alcoholicas,2,Botella,66900,Proveedor no especificado,PROVEEDORNOE-20241229-001,,,2024-12-29T12:00:00.000Z,0,2026-01-18T01:31:43.534Z,2026-02-01T17:33:43.595Z
inv-1767483353908-mr8nlyywm,Ginebra Gordon's,cmnkwlk6800038xyd1sss57is,INVENTORY::bebidas alcoholicas,1,Botella,78600,Proveedor no especificado,PROVEEDORNOE-20241229-001,,,2024-12-29T12:00:00.000Z,0,2026-01-18T01:31:43.534Z,2026-02-03T01:33:24.890Z
inv-1767483353908-teq-1800,Tequila 1800,cmnkwlk6800038xyd1sss57is,INVENTORY::bebidas alcoholicas,0,Botella,110000,Proveedor no especificado,STOKSONIA-20241201-001,,,2024-12-01T12:00:00.000Z,0,2026-01-18T01:31:43.534Z,2026-02-03T01:24:25.632Z
inv-1767483353908-teq-jc,José Cuervo Tequila,cmnkwlk6800038xyd1sss57is,INVENTORY::bebidas alcoholicas,0,Botella,110000,Proveedor no especificado,STOKSONIA-20241201-001,,,2024-12-01T12:00:00.000Z,0,2026-01-18T01:31:43.534Z,2026-02-03T01:24:51.699Z
inv-1767483353908-u55v6zs0u,Aperitivo Campari Milano,cmnkwlk6800038xyd1sss57is,INVENTORY::bebidas alcoholicas,1,Botella,121900,Proveedor no especificado,PROVEEDORNOE-20241229-001,,,2024-12-29T12:00:00.000Z,0,2026-01-18T01:31:43.534Z,2026-02-03T01:34:02.314Z
inv-1767483353908-whi-op,Whisky Old Par,cmnkwlk6800038xyd1sss57is,INVENTORY::bebidas alcoholicas,0,Botella,42000,Proveedor no especificado,STOKSONIA-20241201-001,,,2024-12-01T12:00:00.000Z,0,2026-01-18T01:31:43.534Z,2026-02-01T17:33:43.595Z
inv-1767483353908-whi-ss,Whisky Something Special,cmnkwlk6800038xyd1sss57is,INVENTORY::bebidas alcoholicas,1,Botella,12500,Proveedor no especificado,STOKSONIA-20241201-001,,,2024-12-01T12:00:00.000Z,0,2026-01-18T01:31:43.534Z,2026-02-03T01:24:04.524Z
inv-1767483353908-y3b53io8x,Whisky Duggan's Dew,cmnkwlk6800038xyd1sss57is,INVENTORY::bebidas alcoholicas,1,Botella,48000,Proveedor no especificado,PROVEEDORNOE-20241229-001,,,2024-12-29T12:00:00.000Z,0,2026-01-18T01:31:43.534Z,2026-02-03T01:29:57.737Z
inv-1767483353908-y9q9alloi,Tequila Olmeca Blanco,cmnkwlk6800038xyd1sss57is,INVENTORY::bebidas alcoholicas,1,Botella,81500,Proveedor no especificado,PROVEEDORNOE-20241229-001,,,2024-12-29T12:00:00.000Z,0,2026-01-18T01:31:43.534Z,2026-02-01T17:33:43.595Z
inv-1767483353908-yecytqq00,Vino tinto Cata Vieja,cmnkwlk6800038xyd1sss57is,INVENTORY::bebidas alcoholicas,0,Botella,22900,Proveedor no especificado,PROVEEDORNOE-20241229-001,,,2024-12-29T12:00:00.000Z,0,2026-01-18T01:31:43.534Z,2026-02-03T01:30:22.986Z
inv-1767483353913-1889mnu82,Hielo bolsa,cmnkwlk8c000s8xyd88ugdej4,INVENTORY::insumos para cocteles,0,Bolsa,12000,Proveedor no especificado,STOKSONIA-20241201-001,,,2024-12-01T12:00:00.000Z,0,2026-01-18T01:31:43.534Z,2026-02-03T01:09:09.744Z
inv-1767483353913-4i345h1fq,Sirope arándanos,cmnkwlk8c000s8xyd88ugdej4,INVENTORY::insumos para cocteles,1,Botella,20000,Proveedor no especificado,STOKSONIA-20241201-001,,,2024-12-01T12:00:00.000Z,0,2026-01-18T01:31:43.534Z,2026-02-03T01:08:58.115Z
inv-1767483353913-8vb41ck7n,Tajín,cmnkwlk8c000s8xyd88ugdej4,INVENTORY::insumos para cocteles,0,Unidad,5700,Proveedor no especificado,STOKSONIA-20241201-001,,,2024-12-01T12:00:00.000Z,0,2026-01-18T01:31:43.534Z,2026-02-01T17:33:43.595Z
inv-1767483353913-hjd3452mp,Base cóctel Brissart granadina,cmnkwlk8c000s8xyd88ugdej4,INVENTORY::insumos para cocteles,1,Botella,25200,Proveedor no especificado,STOKSONIA-20241201-001,,,2024-12-01T12:00:00.000Z,0,2026-01-18T01:31:43.534Z,2026-02-03T01:11:02.827Z
inv-1767483353913-jb8887h9r,Base cóctel Finest Call Triple Sec,cmnkwlk8c000s8xyd88ugdej4,INVENTORY::insumos para cocteles,0,Botella,33300,Proveedor no especificado,STOKSONIA-20241201-001,,,2024-12-01T12:00:00.000Z,0,2026-01-18T01:31:43.534Z,2026-02-03T01:09:54.517Z
inv-1767483353913-kkkqg7bwc,Bretaña personal x6,cmnkwlk8c000s8xyd88ugdej4,INVENTORY::insumos para cocteles,0,Paquete,12000,Proveedor no especificado,STOKSONIA-20241201-001,,,2024-12-01T12:00:00.000Z,0,2026-01-18T01:31:43.534Z,2026-02-03T01:11:15.148Z
inv-1767483353913-qr9j8fm77,Syrup Finest Call Blue Curacao,cmnkwlk8c000s8xyd88ugdej4,INVENTORY::insumos para cocteles,1,Botella,33300,Proveedor no especificado,STOKSONIA-20241201-001,,,2024-12-01T12:00:00.000Z,0,2026-01-18T01:31:43.534Z,2026-02-03T01:08:29.568Z
inv-1767483353913-r7pklcu5h,Base cóctel Brissart maracuyá,cmnkwlk8c000s8xyd88ugdej4,INVENTORY::insumos para cocteles,1,Botella,25200,Proveedor no especificado,STOKSONIA-20241201-001,,,2024-12-01T12:00:00.000Z,0,2026-01-18T01:31:43.534Z,2026-02-03T01:10:39.034Z
inv-1767483353913-ttz27x8mn,Bretaña,cmnkwlk8c000s8xyd88ugdej4,INVENTORY::insumos para cocteles,0,Botella,5000,Proveedor no especificado,STOKSONIA-20241201-001,,,2024-12-01T12:00:00.000Z,0,2026-01-18T01:31:43.534Z,2026-02-03T01:09:17.980Z
inv-1767483353917-ser4dw1e8,Leche Alquería semidescremada,cmnkwlk8u00128xydvbvfkdu6,INVENTORY::insumos para cafeteria,0,Bolsa,6000,Proveedor no especificado,PROVEEDORNOE-20250103-001,,,2025-01-03T12:00:00.000Z,0,2026-01-18T01:31:43.534Z,2026-02-03T00:44:58.175Z
inv-1767483353921-0k33w9jh5,Domos para tortas,cmnkwlk8x00148xydi0hnkgoi,INVENTORY::activos,2,Unidad,135000,Proveedor no especificado,STOKSONIA-20241201-001,,,2024-12-01T12:00:00.000Z,0,2026-01-18T01:31:43.534Z,2026-01-21T01:45:06.142Z
inv-1767483353921-24prmoz3t,Copa coctel margarita,cmnkwlk8x00148xydi0hnkgoi,INVENTORY::activos,5,Unidad,9000,Proveedor no especificado,STOKSONIA-20241201-001,,,2024-12-01T12:00:00.000Z,0,2026-01-18T01:31:43.534Z,2026-01-21T01:45:06.142Z
inv-1767483353921-3dj8riyht,Parlante HK Onyx 2,cmnkwlk8x00148xydi0hnkgoi,INVENTORY::activos,1,Unidad,700000,Proveedor no especificado,STOKSONIA-20241201-001,,,2024-12-01T12:00:00.000Z,0,2026-01-18T01:31:43.534Z,2026-01-21T01:45:06.143Z
inv-1767483353921-5f90elhbh,Bombillo Philips 5.5W,cmnkwlk8x00148xydi0hnkgoi,INVENTORY::activos,1,Unidad,2950,Proveedor no especificado,STOKSONIA-20241201-001,,,2024-12-01T12:00:00.000Z,0,2026-01-18T01:31:43.534Z,2026-01-21T01:45:06.137Z
inv-1767483353921-6vsarl10x,Vaso Moscow Mule,cmnkwlk8x00148xydi0hnkgoi,INVENTORY::activos,6,Unidad,35000,Proveedor no especificado,STOKSONIA-20241201-001,,,2024-12-01T12:00:00.000Z,0,2026-01-18T01:31:43.534Z,2026-01-21T01:45:06.144Z
inv-1767483353921-a1032pils,Cucharilla larga,cmnkwlk8x00148xydi0hnkgoi,INVENTORY::activos,1,Unidad,2500,Proveedor no especificado,STOKSONIA-20241201-001,,,2024-12-01T12:00:00.000Z,0,2026-01-18T01:31:43.534Z,2026-01-21T01:45:06.142Z
inv-1767483353921-cjvtdvidh,Mug Bourbon Nashville Café,cmnkwlk8x00148xydi0hnkgoi,INVENTORY::activos,3,Unidad,3966.67,Proveedor no especificado,STOKSONIA-20241201-001,,,2024-12-01T12:00:00.000Z,0,2026-01-18T01:31:43.534Z,2026-01-21T01:45:06.143Z
inv-1767483353921-dwks9mhx0,Colador de café,cmnkwlk8x00148xydi0hnkgoi,INVENTORY::activos,2,Unidad,2950,Proveedor no especificado,STOKSONIA-20241201-001,,,2024-12-01T12:00:00.000Z,0,2026-01-18T01:31:43.534Z,2026-01-21T01:45:06.141Z
inv-1767483353921-gq1yk5z5x,Prensa francesa,cmnkwlk8x00148xydi0hnkgoi,INVENTORY::activos,2,Unidad,20000,Proveedor no especificado,STOKSONIA-20241201-001,,,2024-12-01T12:00:00.000Z,0,2026-01-18T01:31:43.534Z,2026-01-21T01:45:06.143Z
inv-1767483353921-heejtdc7k,Combo mesa y sillas,cmnkwlk8x00148xydi0hnkgoi,INVENTORY::activos,1,Unidad,350000,Proveedor no especificado,STOKSONIA-20241201-001,,,2024-12-01T12:00:00.000Z,0,2026-01-18T01:31:43.534Z,2026-01-21T01:45:06.141Z
inv-1767483353921-jeaol1ls8,Nevera usada,cmnkwlk8x00148xydi0hnkgoi,INVENTORY::activos,1,Unidad,1000000,Proveedor no especificado,STOKSONIA-20241201-001,,,2024-12-01T12:00:00.000Z,0,2026-01-18T01:31:43.534Z,2026-01-21T01:45:06.143Z
inv-1767483353921-mgo7govsz,Vasos cerveza grande,cmnkwlk8x00148xydi0hnkgoi,INVENTORY::activos,6,Unidad,5000,Proveedor no especificado,STOKSONIA-20241201-001,,,2024-12-01T12:00:00.000Z,0,2026-01-18T01:31:43.534Z,2026-01-21T01:45:06.144Z
inv-1767483353921-qi0havlkm,Vasos plásticos para vino,cmnkwlk8x00148xydi0hnkgoi,INVENTORY::activos,6,Unidad,7000,Proveedor no especificado,STOKSONIA-20241201-001,,,2024-12-01T12:00:00.000Z,0,2026-01-18T01:31:43.534Z,2026-01-21T01:45:06.144Z
inv-1767483353921-u5qggrpko,Papelera / Basurero negra,cmnkwlk8x00148xydi0hnkgoi,INVENTORY::activos,1,Unidad,32500,Proveedor no especificado,STOKSONIA-20241201-001,,,2024-12-01T12:00:00.000Z,0,2026-01-18T01:31:43.534Z,2026-01-21T01:45:06.143Z
inv-1767483353921-ufr8l4s5s,Termo café,cmnkwlk8x00148xydi0hnkgoi,INVENTORY::activos,1,Unidad,40000,Proveedor no especificado,STOKSONIA-20241201-001,,,2024-12-01T12:00:00.000Z,0,2026-01-18T01:31:43.534Z,2026-01-21T01:45:06.144Z
inv-1767483353921-vgarot6ts,Vaso tinto,cmnkwlk8x00148xydi0hnkgoi,INVENTORY::activos,3,Unidad,3666.67,Proveedor no especificado,STOKSONIA-20241201-001,,,2024-12-01T12:00:00.000Z,0,2026-01-18T01:31:43.534Z,2026-01-21T01:45:06.144Z
inv-1767483353921-wd3u0uxxd,Vasos cerveza pequeño,cmnkwlk8x00148xydi0hnkgoi,INVENTORY::activos,6,Unidad,4000,Proveedor no especificado,STOKSONIA-20241201-001,,,2024-12-01T12:00:00.000Z,0,2026-01-18T01:31:43.534Z,2026-01-21T01:45:06.144Z
inv-1767483353921-xiwz9ce3l,Pocillo café semi liso,cmnkwlk8x00148xydi0hnkgoi,INVENTORY::activos,3,Unidad,3900,Proveedor no especificado,STOKSONIA-20241201-001,,,2024-12-01T12:00:00.000Z,0,2026-01-18T01:31:43.534Z,2026-01-21T01:45:06.143Z
inv-1767483353922-18gprsfx1,Cenicero,cmnkwlk8x00148xydi0hnkgoi,INVENTORY::activos,1,Unidad,100000,Proveedor no especificado,STOKSONIA-20241201-001,,,2024-12-01T12:00:00.000Z,0,2026-01-18T01:31:43.534Z,2026-01-21T01:45:06.141Z
inv-1767483353922-5h0n8o5j0,Mesa Rimax,cmnkwlk8x00148xydi0hnkgoi,INVENTORY::activos,1,Unidad,100000,Proveedor no especificado,STOKSONIA-20241201-001,,,2024-12-01T12:00:00.000Z,0,2026-01-18T01:31:43.534Z,2026-01-21T01:45:06.143Z
inv-1767483353922-9gphugxoi,Tabla para picar,cmnkwlk8x00148xydi0hnkgoi,INVENTORY::activos,1,Unidad,600000,Proveedor no especificado,STOKSONIA-20241201-001,,,2024-12-01T12:00:00.000Z,0,2026-01-18T01:31:43.534Z,2026-01-21T01:45:06.143Z
inv-1767483353922-f1f60u9ca,Velas x12,cmnkwlk8x00148xydi0hnkgoi,INVENTORY::activos,0,Set,7000,Proveedor no especificado,STOKSONIA-20241201-001,,,2024-12-01T12:00:00.000Z,0,2026-01-18T01:31:43.534Z,2026-01-22T23:01:15.825Z
inv-1767483353922-ikhc4vyhq,Encendedor para velas,cmnkwlk8x00148xydi0hnkgoi,INVENTORY::activos,1,Unidad,6000,Proveedor no especificado,STOKSONIA-20241201-001,,,2024-12-01T12:00:00.000Z,0,2026-01-18T01:31:43.534Z,2026-01-21T01:45:06.142Z
inv-1767483353922-j063f9gib,Exprimidor metálico,cmnkwlk8x00148xydi0hnkgoi,INVENTORY::activos,1,Unidad,16000,Proveedor no especificado,STOKSONIA-20241201-001,,,2024-12-01T12:00:00.000Z,0,2026-01-18T01:31:43.534Z,2026-01-21T01:45:06.142Z
inv-1767483353922-nsw7b21rh,Cafetera moka,cmnkwlk8x00148xydi0hnkgoi,INVENTORY::activos,1,Unidad,30000,Proveedor no especificado,STOKSONIA-20241201-001,,,2024-12-01T12:00:00.000Z,0,2026-01-18T01:31:43.534Z,2026-01-21T01:45:06.138Z
inv-1767483353922-q3qmv2vcv,Letrero luminoso,cmnkwlk8x00148xydi0hnkgoi,INVENTORY::activos,1,Unidad,500000,Proveedor no especificado,STOKSONIA-20241201-001,,,2024-12-01T12:00:00.000Z,0,2026-01-18T01:31:43.534Z,2026-01-21T01:45:06.143Z
inv-1767483353922-qqq2lpoo0,Ganchos sujetadores,cmnkwlk8x00148xydi0hnkgoi,INVENTORY::activos,1,Unidad,8000,Proveedor no especificado,STOKSONIA-20241201-001,,,2024-12-01T12:00:00.000Z,0,2026-01-18T01:31:43.534Z,2026-01-21T01:45:06.142Z
inv-1767483353922-rw7y8iafe,Copas shot x12,cmnkwlk8x00148xydi0hnkgoi,INVENTORY::activos,1,Set,32000,Proveedor no especificado,STOKSONIA-20241201-001,,,2024-12-01T12:00:00.000Z,0,2026-01-18T01:31:43.534Z,2026-01-21T01:45:06.142Z
inv-1767483353922-s7hrvd8qf,Cuchillos x3,cmnkwlk8x00148xydi0hnkgoi,INVENTORY::activos,1,Set,12000,Proveedor no especificado,STOKSONIA-20241201-001,,,2024-12-01T12:00:00.000Z,0,2026-01-18T01:31:43.534Z,2026-01-21T01:45:06.142Z
inv-1767483353922-vtavwaccv,Tijera,cmnkwlk8x00148xydi0hnkgoi,INVENTORY::activos,1,Unidad,10000,Proveedor no especificado,STOKSONIA-20241201-001,,,2024-12-01T12:00:00.000Z,0,2026-01-18T01:31:43.534Z,2026-01-21T01:45:06.144Z
inv-1767483353922-yn99umkho,Caja de madera,cmnkwlk8x00148xydi0hnkgoi,INVENTORY::activos,1,Unidad,14000,Proveedor no especificado,STOKSONIA-20241201-001,,,2024-12-01T12:00:00.000Z,0,2026-01-18T01:31:43.534Z,2026-01-21T01:45:06.141Z
inv-1767483353924-3w6k0hshd,Limpión microfibra carros,cmnkwlkav00208xydbo2lfb3d,INVENTORY::aseo,1,Unidad,4200,Proveedor no especificado,STOKSONIA-20241201-001,,,2024-12-01T12:00:00.000Z,0,2026-01-18T01:31:43.534Z,2026-02-01T17:41:45.216Z
inv-1767483353924-64dp267fv,Papel toalla Scott,cmnkwlkav00208xydbo2lfb3d,INVENTORY::aseo,1,Rollo,16000,Proveedor no especificado,STOKSONIA-20241201-001,,,2024-12-01T12:00:00.000Z,0,2026-01-18T01:31:43.534Z,2026-02-03T01:19:52.723Z
inv-1767483353924-6uvxurwqu,Jabón de loza,cmnkwlkav00208xydbo2lfb3d,INVENTORY::aseo,0,Unidad,5000,Proveedor no especificado,STOKSONIA-20241201-001,,,2024-12-01T12:00:00.000Z,0,2026-01-18T01:31:43.534Z,2026-02-03T01:20:26.922Z
inv-1767483353924-efb85j7pj,Desodorante Speed Stick Ultra Gel,cmnkwlkav00208xydbo2lfb3d,INVENTORY::aseo,1,Unidad,34600,Proveedor no especificado,STOKSONIA-20241201-001,,,2024-12-01T12:00:00.000Z,0,2026-01-18T01:31:43.534Z,2026-02-01T17:41:45.216Z
inv-1767483353924-fiy9i5pzj,Recogedor,cmnkwlkav00208xydbo2lfb3d,INVENTORY::aseo,1,Unidad,10000,Proveedor no especificado,STOKSONIA-20241201-001,,,2024-12-01T12:00:00.000Z,0,2026-01-18T01:31:43.534Z,2026-02-01T17:41:45.216Z
inv-1767483353924-kzrwa9a7p,Papel Higiénico,cmnkwlkav00208xydbo2lfb3d,INVENTORY::aseo,1,Unidad,2400,Proveedor no especificado,PROVEEDORNOE-20250103-001,,,2025-01-03T12:00:00.000Z,0,2026-01-18T01:31:43.534Z,2026-02-01T17:41:45.216Z
inv-1767483353924-qfyuq638h,Servilletas,cmnkwlk8u00128xydvbvfkdu6,INVENTORY::insumos para cafeteria,0,Paquete,6000,Proveedor no especificado,STOKSONIA-20241201-001,,,2024-12-01T12:00:00.000Z,0,2026-01-18T01:31:43.534Z,2026-02-03T01:19:00.325Z
inv-1767483353924-uubm2bavd,Escoba,cmnkwlkav00208xydbo2lfb3d,INVENTORY::aseo,1,Unidad,10000,Proveedor no especificado,STOKSONIA-20241201-001,,,2024-12-01T12:00:00.000Z,0,2026-01-18T01:31:43.534Z,2026-02-01T17:41:45.216Z
inv-1767483353924-vvzbksqce,Trapeador,cmnkwlkav00208xydbo2lfb3d,INVENTORY::aseo,1,Unidad,10000,Proveedor no especificado,STOKSONIA-20241201-001,,,2024-12-01T12:00:00.000Z,0,2026-01-18T01:31:43.534Z,2026-02-01T17:41:45.216Z
inv-1767483353925-pg25jxttu,Café Sello Rojo,cmnkwlk8u00128xydvbvfkdu6,INVENTORY::insumos para cafeteria,0,Paquete,16000,Proveedor no especificado,STOKSONIA-20241201-001,,,2024-12-01T12:00:00.000Z,0,2026-01-18T01:31:43.534Z,2026-02-03T00:42:31.560Z
inv-1767483353926-6ynvm45dt,Café Instantáneo,cmnkwlk8u00128xydvbvfkdu6,INVENTORY::insumos para cafeteria,0,Frasco,11000,Proveedor no especificado,STOKSONIA-20241201-001,,,2024-12-01T12:00:00.000Z,0,2026-01-18T01:31:43.534Z,2026-02-01T17:41:45.216Z
inv-1767483353926-i7v18gj8j,Bolsa para colar café,cmnkwlk8u00128xydvbvfkdu6,INVENTORY::insumos para cafeteria,2,Unidad,5900,Proveedor no especificado,STOKSONIA-20241201-001,,,2024-12-01T12:00:00.000Z,0,2026-01-18T01:31:43.534Z,2026-02-03T00:43:00.355Z
inv-1767483353926-tgjwb0599,Azúcar,cmnkwlk8u00128xydvbvfkdu6,INVENTORY::insumos para cafeteria,0,Bolsa,5000,Proveedor no especificado,STOKSONIA-20241201-001,,,2024-12-01T12:00:00.000Z,0,2026-01-18T01:31:43.534Z,2026-02-03T00:43:15.556Z
inv-1767483353926-wdcg82vjf,Aromáticas,cmnkwlk8u00128xydvbvfkdu6,INVENTORY::insumos para cafeteria,1,Unidad,4000,Proveedor no especificado,STOKSONIA-20241201-001,,,2024-12-01T12:00:00.000Z,0,2026-01-18T01:31:43.534Z,2026-02-03T00:43:44.462Z
inv-1767483353927-9qciixvtf,Tapa para Vaso,cmnkwlk8u00128xydvbvfkdu6,INVENTORY::insumos para cafeteria,1,Pack,4600,Proveedor no especificado,STOKSONIA-20241201-001,,,2024-12-01T12:00:00.000Z,0,2026-01-18T01:31:43.534Z,2026-02-03T01:18:35.902Z
inv-1767483353927-jqtkdgrno,Vaso de Icopor,cmnkwlk8u00128xydvbvfkdu6,INVENTORY::insumos para cafeteria,1,Pack,6000,Proveedor no especificado,STOKSONIA-20241201-001,,,2024-12-01T12:00:00.000Z,0,2026-01-18T01:31:43.534Z,2026-02-03T01:18:18.771Z
inv-1767483353927-mfm31g7cv,Palillos,cmnkwlk8u00128xydvbvfkdu6,INVENTORY::insumos para cafeteria,1,Pack,2100,Proveedor no especificado,STOKSONIA-20241201-001,,,2024-12-01T12:00:00.000Z,0,2026-01-18T01:31:43.534Z,2026-02-03T01:20:08.639Z
inv-1767483353927-pnyzk4zys,Caja de Icopor,cmnkwlkav00208xydbo2lfb3d,INVENTORY::aseo,1,Pack,13000,Proveedor no especificado,STOKSONIA-20241201-001,,,2024-12-01T12:00:00.000Z,0,2026-01-18T01:31:43.534Z,2026-02-01T17:41:45.216Z
inv-1767483353927-set8m797g,Copa Desechable Pequeña,cmnkwlkav00208xydbo2lfb3d,INVENTORY::aseo,1,Pack,8000,Proveedor no especificado,STOKSONIA-20241201-001,,,2024-12-01T12:00:00.000Z,0,2026-01-18T01:31:43.534Z,2026-02-01T17:41:45.216Z
inv-1767483353927-xxcwuqi28,Vaso de Papel,cmnkwlk8u00128xydvbvfkdu6,INVENTORY::insumos para cafeteria,1,Pack,5500,Proveedor no especificado,STOKSONIA-20241201-001,,,2024-12-01T12:00:00.000Z,0,2026-01-18T01:31:43.534Z,2026-02-03T01:18:05.043Z
inv-1767634700399-318ocn17k,Queso Colanta,cmnkwlk8u00128xydvbvfkdu6,INVENTORY::insumos para cafeteria,1,Unidad,11180,Patty,PATY-20260103-001,,,2026-01-03T12:00:00.000Z,0,2026-01-18T01:31:43.534Z,2026-02-01T17:41:45.216Z
inv-1767634700399-8808431pm,Mostaneza Rancho La Constancia,cmnkwlk8c000s8xyd88ugdej4,INVENTORY::insumos para cocteles,1,Unidad,6900,Patty,PATY-20260103-001,,,2026-01-03T12:00:00.000Z,0,2026-01-18T01:31:43.534Z,2026-02-03T01:12:08.654Z
inv-1767634700399-9xsb2oh3p,Cerveza Heineken,cmnkwlk6800038xyd1sss57is,INVENTORY::bebidas alcoholicas,0,Botella,19200,Patty,PATY-20260103-001,,,2026-01-03T12:00:00.000Z,0,2026-01-18T01:31:43.535Z,2026-02-03T01:36:32.603Z
inv-1767634700399-cahjyh3ll,Soda Bretaña 1500 ml,cmnkwlk8c000s8xyd88ugdej4,INVENTORY::insumos para cocteles,0,Botella,3800,Patty,PATY-20260103-001,,,2026-01-03T12:00:00.000Z,0,2026-01-18T01:31:43.535Z,2026-02-03T00:53:01.297Z
inv-1767634700399-dy0mgy06q,Mezclador El Sol Dahu ZZI,cmnkwlk8c000s8xyd88ugdej4,INVENTORY::insumos para cocteles,1,Unidad,4900,Patty,PATY-20260103-001,,,2026-01-03T12:00:00.000Z,0,2026-01-18T01:31:43.535Z,2026-02-03T01:13:04.126Z
inv-1767634700399-fstqs8q7k,Ron Viejo de Caldas Tradicional,cmnkwlk6800038xyd1sss57is,INVENTORY::bebidas alcoholicas,2,Botella,51900,Patty,PATY-20260103-001,,,2026-01-03T12:00:00.000Z,0,2026-01-18T01:31:43.535Z,2026-02-01T17:33:43.595Z
inv-1767634700399-hntpkqdo6,Cerveza Budweiser,cmnkwlk6800038xyd1sss57is,INVENTORY::bebidas alcoholicas,4,Botella,18000,Patty,PATY-20260103-001,,,2026-01-03T12:00:00.000Z,0,2026-01-18T01:31:43.535Z,2026-02-01T17:33:43.595Z
inv-1767634700399-icch1p0gx,Cinta aislante Tesa,cmnkwlkav00208xydbo2lfb3d,INVENTORY::aseo,2,Unidad,3800,Patty,PATY-20260103-001,,,2026-01-03T12:00:00.000Z,0,2026-01-18T01:31:43.535Z,2026-02-01T17:41:45.216Z
inv-1767634700399-ngrq41q4f,Salsa de tomate Bary doy pack,cmnkwlk8c000s8xyd88ugdej4,INVENTORY::insumos para cocteles,2,Pack,4100,Patty,PATY-20260103-001,,,2026-01-03T12:00:00.000Z,0,2026-01-18T01:31:43.535Z,2026-02-01T17:33:43.595Z
inv-1767634700399-osyfaln0f,Mezcla de ají,cmnkwlk8c000s8xyd88ugdej4,INVENTORY::insumos para cocteles,0,Unidad,5350,Patty,PATY-20260103-001,,,2026-01-03T12:00:00.000Z,0,2026-01-18T01:31:43.535Z,2026-02-03T01:13:13.801Z
inv-1767634700399-pir59pq4u,Salsa mayonesa Bary doy pack,cmnkwlk8c000s8xyd88ugdej4,INVENTORY::insumos para cocteles,0,Pack,4400,Patty,PATY-20260103-001,,,2026-01-03T12:00:00.000Z,0,2026-01-18T01:31:43.535Z,2026-02-03T00:53:23.743Z
inv-1767634700399-sxq8dp6sg,Toallas higiénicas Kotex x10,cmnkwlkav00208xydbo2lfb3d,INVENTORY::aseo,2,Paquete,1,Patty,PATY-20260103-001,,,2026-01-03T12:00:00.000Z,0,2026-01-18T01:31:43.535Z,2026-02-03T00:50:53.869Z
inv-1767634700399-whk5cc1js,Cerveza Coronita,cmnkwlk6800038xyd1sss57is,INVENTORY::bebidas alcoholicas,0,Botella,3700,Patty,PATY-20260103-001,,,2026-01-03T12:00:00.000Z,0,2026-01-18T01:31:43.535Z,2026-02-03T03:33:23.003Z
inv-1767634700400-2hfwyexd7,Bolsa plástica (ICBP),cmnkwlkav00208xydbo2lfb3d,INVENTORY::aseo,1,Unidad,70,Patty,PATY-20260103-001,,,2026-01-03T12:00:00.000Z,0,2026-01-18T01:31:43.535Z,2026-02-01T17:41:45.216Z
inv-1767634700400-2senehds1,Festival palillos doble,cmnkwlk8u00128xydvbvfkdu6,INVENTORY::insumos para cafeteria,0,Paquete,2100,Patty,PATY-20260103-001,,,2026-01-03T12:00:00.000Z,0,2026-01-18T01:31:43.535Z,2026-02-03T00:34:05.595Z
inv-1767634700400-460nmc7uo,Lechuga batavia,cmnkwlk8u00128xydvbvfkdu6,INVENTORY::insumos para cafeteria,1,Unidad,2084,Patty,PATY-20260103-001,,,2026-01-03T12:00:00.000Z,0,2026-01-18T01:31:43.535Z,2026-02-01T17:41:45.216Z
inv-1767634700400-65n1g60sp,Baguette CUI,cmnkwlk8u00128xydvbvfkdu6,INVENTORY::insumos para cafeteria,1,Unidad,12500,Patty,PATY-20260103-001,,,2026-01-03T12:00:00.000Z,0,2026-01-18T01:31:43.535Z,2026-02-01T17:41:45.216Z
inv-1767634700400-6hudp47h6,Tapas para vaso 6 oz,cmnkwlkav00208xydbo2lfb3d,INVENTORY::aseo,1,Pack,4600,Patty,PATY-20260103-001,,,2026-01-03T12:00:00.000Z,0,2026-01-18T01:31:43.535Z,2026-02-01T17:41:45.216Z
inv-1767634700400-ffm5kdp8o,Tomate chonto,cmnkwlk8u00128xydvbvfkdu6,INVENTORY::insumos para cafeteria,0,Unidad,2668,Patty,PATY-20260103-001,,,2026-01-03T12:00:00.000Z,0,2026-01-18T01:31:43.535Z,2026-02-03T00:50:19.824Z
inv-1767634700400-h1p7laomc,Arándanos,cmnkwlk8u00128xydvbvfkdu6,INVENTORY::insumos para cafeteria,1,Unidad,25980,Patty,PATY-20260103-001,,,2026-01-03T12:00:00.000Z,0,2026-01-18T01:31:43.535Z,2026-02-01T17:41:45.216Z
inv-1767634700400-s86bj4aqm,Sal Refisal para michelar con plato michelador,cmnkwlk4700008xydbn9is6y0,INVENTORY::comestibles,0,Unidad,15790,Patty,PATY-20260103-001,,,2026-01-03T12:00:00.000Z,0,2026-01-18T01:31:43.535Z,2026-02-03T00:30:44.718Z
inv-1767634700400-s8kbeya60,Jamón Cuisine,cmnkwlk8u00128xydvbvfkdu6,INVENTORY::insumos para cafeteria,1,Unidad,19990,Patty,PATY-20260103-001,,,2026-01-03T12:00:00.000Z,0,2026-01-18T01:31:43.535Z,2026-02-01T17:41:45.216Z
inv-1767634700400-tu01b5e2p,Caja de Carioca grande 380 ml,cmnkwlkav00208xydbo2lfb3d,INVENTORY::aseo,2,Unidad,115000,Patty,PATY-20260103-001,,,2026-01-03T12:00:00.000Z,0,2026-01-18T01:31:43.535Z,2026-02-01T17:41:45.216Z
inv-1767635982971-dq62lbug6,Tapas para vaso 6 oz bebida caliente,cmnkwlkav00208xydbo2lfb3d,INVENTORY::aseo,1,Pack,4600,Patty,PATY-20260103-001,,,2026-01-03T12:00:00.000Z,0,2026-01-18T01:31:43.535Z,2026-02-01T17:41:45.216Z
inv-1767635982972-854kbkj9i,Marlboro morado azul x20,cmnkwlkd100398xyd22sd2swl,INVENTORY::cigarrillos,3,Cajetilla,14400,Patty,PATY-20260103-001,,,2026-01-03T12:00:00.000Z,0,2026-01-18T01:31:43.535Z,2026-02-03T00:17:58.374Z
inv-1767635982972-mphbtepu0,Marlboro verde x20,cmnkwlkd100398xyd22sd2swl,INVENTORY::cigarrillos,3,Cajetilla,14400,Patty,PATY-20260103-001,,,2026-01-03T12:00:00.000Z,0,2026-01-18T01:31:43.535Z,2026-02-03T00:15:42.504Z
inv-1767635982972-nhrn3uido,Marlboro rojo x20,cmnkwlkd100398xyd22sd2swl,INVENTORY::cigarrillos,1,Cajetilla,13700,Patty,PATY-20260103-001,,,2026-01-03T12:00:00.000Z,0,2026-01-18T01:31:43.535Z,2026-02-03T00:10:09.767Z
inv-1767636242767-v0twstdbw,Soda,cmnkwlk8c000s8xyd88ugdej4,INVENTORY::insumos para cocteles,9,Unidad,444.44,Éxito,EXITO-20260104-001,,,2026-01-04T12:00:00.000Z,0,2026-01-18T01:31:43.535Z,2026-02-03T00:55:44.026Z
inv-1767636242811-2w87n78co,Jugo de arándano,cmnkwlk8c000s8xyd88ugdej4,INVENTORY::insumos para cocteles,1,Botella,28900,Éxito,EXITO-20260104-001,,,2026-01-04T12:00:00.000Z,0,2026-01-18T01:31:43.535Z,2026-02-03T00:56:27.614Z
inv-1767636242811-qk3zfsenm,Cubiertos,cmnkwlk8x00148xydi0hnkgoi,INVENTORY::activos,1,Set,13000,Éxito,EXITO-20260104-001,,,2026-01-04T12:00:00.000Z,0,2026-01-18T01:31:43.535Z,2026-02-03T00:56:39.112Z
inv-1767636242812-577hmamt7,Recipientes plásticos,cmnkwlk8x00148xydi0hnkgoi,INVENTORY::activos,3,Unidad,2000,tiendas,20260105-001,,,2026-01-05T12:00:00.000Z,0,2026-01-18T01:31:43.535Z,2026-02-03T00:59:33.595Z
inv-1767636242812-x85xirex1,Frutas para hervidos,cmnkwlk8c000s8xyd88ugdej4,INVENTORY::insumos para cocteles,0,Libra,6500,tiendas,20260105-001,,,2026-01-05T12:00:00.000Z,0,2026-01-18T01:31:43.535Z,2026-03-11T00:40:51.540Z
inv-1767640832359-kawr591vu,Bebida chocolate polvo,cmnkwlk8u00128xydvbvfkdu6,INVENTORY::insumos para cafeteria,1,Unidad,16100,Éxito,EXITO-20260104-001,,,2026-01-04T12:00:00.000Z,0,2026-01-18T01:31:43.535Z,2026-02-03T01:13:40.341Z
inv-1767665578906-3zcto1go9,Queso mozzarella,cmnkwlk8u00128xydvbvfkdu6,INVENTORY::insumos para cafeteria,0,Unidad,7000,La tienda de la esquina,TIENDAESQUINA-20260106-001,,,2026-01-06T12:00:00.000Z,0,2026-01-18T01:31:43.535Z,2026-02-03T01:00:11.890Z
inv-1767665578949-tetvpdjx3,Pulpas de fruta para cócteles,cmnkwlk8c000s8xyd88ugdej4,INVENTORY::insumos para cocteles,0,Unidad,13000,La tienda de la esquina,TIENDAESQUINA-20260106-001,,,2026-01-06T12:00:00.000Z,0,2026-01-18T01:31:43.535Z,2026-02-03T01:00:18.774Z
inv-1767751844829-0e9objdc2,Leche Colácteos ,cmnkwlk8u00128xydvbvfkdu6,INVENTORY::insumos para cafeteria,0,Unidad,5000,Tienda esquina ,TIENDAESQUIN-20260107-001,,,2026-01-07T12:00:00.000Z,0,2026-01-18T01:31:43.535Z,2026-02-03T01:01:55.261Z
inv-1767842433563-tmr514z8b,Vodka,cmnkwlk6800038xyd1sss57is,INVENTORY::bebidas alcoholicas,0,Botella,70500,Alkosto,ALKOSTO-20260106-001,,,2026-01-06T12:00:00.000Z,0,2026-01-18T01:31:43.535Z,2026-02-03T01:00:54.213Z
inv-1767842433593-7odfezdjy,Jamón,cmnkwlk4700008xydbn9is6y0,INVENTORY::comestibles,0,Unidad,13000,Alkosto,ALKOSTO-20260106-001,,,2026-01-06T12:00:00.000Z,0,2026-01-18T01:31:43.535Z,2026-02-03T00:35:27.616Z
inv-1767842433593-eqs9zytua,Ginebra,cmnkwlk6800038xyd1sss57is,INVENTORY::bebidas alcoholicas,1,Botella,64500,Alkosto,ALKOSTO-20260106-001,,,2026-01-06T12:00:00.000Z,0,2026-01-18T01:31:43.535Z,2026-02-03T01:01:26.234Z
inv-1767842433593-gh2bglh3w,Aguardiente Nariño,cmnkwlk6800038xyd1sss57is,INVENTORY::bebidas alcoholicas,1,Botella,48000,Alkosto,ALKOSTO-20260106-001,,,2026-01-06T12:00:00.000Z,0,2026-01-18T01:31:43.535Z,2026-02-01T17:33:43.595Z
inv-1767842433594-4p1mkpoxn,Queso,cmnkwlk4700008xydbn9is6y0,INVENTORY::comestibles,0,Unidad,14000,Alkosto,ALKOSTO-20260106-001,,,2026-01-06T12:00:00.000Z,0,2026-01-18T01:31:43.535Z,2026-02-03T00:35:15.686Z
inv-1767842433594-ivabna4wj,Tomates,cmnkwlk4700008xydbn9is6y0,INVENTORY::comestibles,0,Unidad,4000,Alkosto,ALKOSTO-20260106-001,,,2026-01-06T12:00:00.000Z,0,2026-01-18T01:31:43.535Z,2026-02-03T00:35:10.108Z
inv-1767842689907-lirxhpibc,Guantes nitrilo negro,cmnkwlkav00208xydbo2lfb3d,INVENTORY::aseo,0,Unidad,1500,A2 SAS,A2SAS-20260108-001,,,2026-01-08T12:00:00.000Z,0,2026-01-18T01:31:43.535Z,2026-02-03T01:02:56.306Z
inv-1767842689910-mhvcyspek,Papel aluminio El Sol (16 m),cmnkwlkav00208xydbo2lfb3d,INVENTORY::aseo,1,Unidad,6300,A2 SAS,A2SAS-20260108-001,,,2026-01-08T12:00:00.000Z,0,2026-01-18T01:31:43.535Z,2026-02-01T17:41:45.216Z
inv-1767842689910-r2vr5l6nj,Tapabocas sujeción 2QY,cmnkwlkav00208xydbo2lfb3d,INVENTORY::aseo,0,Unidad,500,A2 SAS,A2SAS-20260108-001,,,2026-01-08T12:00:00.000Z,0,2026-01-18T01:31:43.535Z,2026-02-03T01:02:42.682Z
inv-1767842689911-mk0scroy5,Pitillo biodegradable x 250 und,cmnkwlkav00208xydbo2lfb3d,INVENTORY::aseo,1,Unidad,5400,A2 SAS,A2SAS-20260108-001,,,2026-01-08T12:00:00.000Z,0,2026-01-18T01:31:43.535Z,2026-02-01T17:41:45.216Z
inv-1767843024081-89vbm55xd,Corazón hojaldra,cmnkwlk4700008xydbn9is6y0,INVENTORY::comestibles,0,Unidad,14900,Éxito,EXITO-20260108-001,,,2026-01-08T12:00:00.000Z,0,2026-01-18T01:31:43.535Z,2026-02-03T00:36:58.084Z
inv-1767843024085-23bxb1c4b,Salsa de tomate,cmnkwlk4700008xydbn9is6y0,INVENTORY::comestibles,1,Unidad,8640,Éxito,EXITO-20260108-001,,,2026-01-08T12:00:00.000Z,0,2026-01-18T01:31:43.535Z,2026-02-01T17:33:43.595Z
inv-1767843024085-3vzrruczr,Mayonesa D&P,cmnkwlk4700008xydbn9is6y0,INVENTORY::comestibles,0,Unidad,16700,Éxito,EXITO-20260108-001,,,2026-01-08T12:00:00.000Z,0,2026-01-18T01:31:43.535Z,2026-02-03T00:36:42.162Z
inv-1767843024085-96v4hbnfp,Bolsa papel Éxito,cmnkwlkav00208xydbo2lfb3d,INVENTORY::aseo,1,Unidad,600,Éxito,EXITO-20260108-001,,,2026-01-08T12:00:00.000Z,0,2026-01-18T01:31:43.535Z,2026-02-01T17:41:45.216Z
inv-1767843024085-eg4rvgtv0,Galleta Liberal Guayaba,cmnkwlk4700008xydbn9is6y0,INVENTORY::comestibles,0,Unidad,2300,Éxito,EXITO-20260108-001,,,2026-01-08T12:00:00.000Z,0,2026-01-18T01:31:43.535Z,2026-02-03T00:36:51.491Z
inv-1767843024085-hi1mtri0d,Limón Tahití,cmnkwlk4700008xydbn9is6y0,INVENTORY::comestibles,0,Unidad,1678,Éxito,EXITO-20260108-001,,,2026-01-08T12:00:00.000Z,0,2026-01-18T01:31:43.535Z,2026-02-03T00:36:35.477Z
inv-1767843024085-il4gf6m88,Tomate cherry,cmnkwlk4700008xydbn9is6y0,INVENTORY::comestibles,1,Unidad,4225,Éxito,EXITO-20260108-001,,,2026-01-08T12:00:00.000Z,0,2026-01-18T01:31:43.535Z,2026-02-03T00:36:07.019Z
inv-1767843024085-kzyqebvls,Baguette,cmnkwlk4700008xydbn9is6y0,INVENTORY::comestibles,0,Unidad,7800,Éxito,EXITO-20260108-001,,,2026-01-08T12:00:00.000Z,0,2026-01-18T01:31:43.535Z,2026-02-03T00:37:05.899Z
inv-1767844108772-y02sds3pn,Toalla higiénica Kotex tela antibacter,cmnkwlkav00208xydbo2lfb3d,INVENTORY::aseo,1,Unidad,3950,Patty,PATY-20260103-001,,,2026-01-03T12:00:00.000Z,0,2026-01-18T01:31:43.535Z,2026-02-01T17:41:45.216Z
inv-1767844108813-9e4nr33nk,Cinta aislante Tesa colores 10 m,cmnkwlk8x00148xydi0hnkgoi,INVENTORY::activos,1,Unidad,3800,Patty,PATY-20260103-001,,,2026-01-03T12:00:00.000Z,0,2026-01-18T01:31:43.535Z,2026-02-01T17:33:43.595Z
inv-1767844108813-pqa0643eh,Salsa de tomate Bary Doy Pack 200 g,cmnkwlk4700008xydbn9is6y0,INVENTORY::comestibles,0,Unidad,4100,Patty,PATY-20260103-001,,,2026-01-03T12:00:00.000Z,0,2026-01-18T01:31:43.535Z,2026-02-03T00:24:05.900Z
inv-1767844108813-yg05w3ugy,Mezclador de bambú El Sol x 500 uds,cmnkwlkav00208xydbo2lfb3d,INVENTORY::aseo,1,Unidad,4900,Patty,PATY-20260103-001,,,2026-01-03T12:00:00.000Z,0,2026-01-18T01:31:43.535Z,2026-02-01T17:41:45.216Z
inv-1767844108813-yubsxus1l,Salsa mayonesa Bary Doy Pack 200 g,cmnkwlk4700008xydbn9is6y0,INVENTORY::comestibles,1,Unidad,4100,Patty,PATY-20260103-001,,,2026-01-03T12:00:00.000Z,0,2026-01-18T01:31:43.535Z,2026-02-03T00:23:41.574Z
inv-1767844108814-4wnraypxt,Mostaneza Rancho La Constancia 190 g,cmnkwlk4700008xydbn9is6y0,INVENTORY::comestibles,1,Unidad,6900,Patty,PATY-20260103-001,,,2026-01-03T12:00:00.000Z,0,2026-01-18T01:31:43.535Z,2026-02-03T00:33:26.255Z
inv-1767844108814-5wz9kud65,Ron Viejo de Caldas Tradicional 750 ml,cmnkwlk6800038xyd1sss57is,INVENTORY::bebidas alcoholicas,1,Botella,51900,Patty,PATY-20260103-001,,,2026-01-03T12:00:00.000Z,0,2026-01-18T01:31:43.535Z,2026-02-03T01:35:24.486Z
inv-1767844108814-9re65nu9v,Festival palillos doble punta x 180 uds,cmnkwlkav00208xydbo2lfb3d,INVENTORY::aseo,1,Unidad,2100,Patty,PATY-20260103-001,,,2026-01-03T12:00:00.000Z,0,2026-01-18T01:31:43.535Z,2026-02-01T17:41:45.216Z
inv-1767844767667-bi0fxw2v1,Cerveza Heineken lata,cmnkwlk6800038xyd1sss57is,INVENTORY::bebidas alcoholicas,0,Lata,6450,Jumbo,JUMBO-20251227-001,,,2025-12-27T12:00:00.000Z,0,2026-01-18T01:31:43.535Z,2026-02-03T01:34:47.538Z
inv-1767844767932-16ve3bbno,Gaseosa Coca-Cola 2.5L,cmnkwlk4700008xydbn9is6y0,INVENTORY::comestibles,0,Botella,15200,Jumbo,JUMBO-20251227-001,,,2025-12-27T12:00:00.000Z,0,2026-01-18T01:31:43.535Z,2026-02-03T00:22:41.669Z
inv-1767844768402-5yhkew73j,Lechuga batavia (0.458 kg),cmnkwlk4700008xydbn9is6y0,INVENTORY::comestibles,0,Kilogramo,4580,Jumbo,JUMBO-20251227-001,,,2025-12-27T12:00:00.000Z,0,2026-01-18T01:31:43.535Z,2026-02-03T00:22:32.620Z
inv-1767844768574-6ocvjq9wb,Tomate chonto (0.515 kg),cmnkwlk4700008xydbn9is6y0,INVENTORY::comestibles,0,Unidad,5180,Jumbo,JUMBO-20251227-001,,,2025-12-27T12:00:00.000Z,0,2026-01-18T01:31:43.535Z,2026-02-03T00:21:34.363Z
inv-1767844769020-qtl9kt1at,Pan Resplandor,cmnkwlk4700008xydbn9is6y0,INVENTORY::comestibles,0,Unidad,11500,Jumbo,JUMBO-20251227-001,,,2025-12-27T12:00:00.000Z,0,2026-01-18T01:31:43.535Z,2026-02-03T00:21:52.861Z
inv-1767844769205-5ywzp24pl,Cerveza Budweiser lata,cmnkwlk6800038xyd1sss57is,INVENTORY::bebidas alcoholicas,0,Lata,5000,Jumbo,JUMBO-20251227-001,,,2025-12-27T12:00:00.000Z,0,2026-01-18T01:31:43.535Z,2026-02-03T01:34:56.844Z
inv-1767844879264-64oilkpaa,Baguette Cuisine & Co,cmnkwlk4700008xydbn9is6y0,INVENTORY::comestibles,0,Unidad,12900,Jumbo,JUMBO-20251227-001,,,2025-12-27T12:00:00.000Z,0,2026-01-18T01:31:43.535Z,2026-02-03T00:22:49.788Z
inv-1767844879665-lqk1aybfl,Bolsa plástica,cmnkwlkav00208xydbo2lfb3d,INVENTORY::aseo,0,Unidad,60,Jumbo,JUMBO-20251227-001,,,2025-12-27T12:00:00.000Z,0,2026-01-18T01:31:43.535Z,2026-02-03T01:21:07.571Z
inv-1767844880071-jkj72xv3l,Mezcla de ají,cmnkwlk4700008xydbn9is6y0,INVENTORY::comestibles,0,Unidad,3530,Jumbo,JUMBO-20251227-001,,,2025-12-27T12:00:00.000Z,0,2026-01-18T01:31:43.535Z,2026-02-03T00:22:21.364Z
inv-1767844880346-fl0zdabrc,Queso Colanta,cmnkwlk4700008xydbn9is6y0,INVENTORY::comestibles,0,Unidad,15900,Jumbo,JUMBO-20251227-001,,,2025-12-27T12:00:00.000Z,0,2026-01-18T01:31:43.535Z,2026-02-03T00:21:42.496Z
inv-1767844880780-ii3oc94rz,Arándanos,cmnkwlk4700008xydbn9is6y0,INVENTORY::comestibles,0,Unidad,11700,Jumbo,JUMBO-20251227-001,,,2025-12-27T12:00:00.000Z,0,2026-01-18T01:31:43.535Z,2026-02-03T00:22:57.204Z
inv-1767845037407-4i575yujh,Limpido,cmnkwlkav00208xydbo2lfb3d,INVENTORY::aseo,1,Unidad,2000,Tienda esquina,TIENDAESQUIN-20260108-001,,,2026-01-08T12:00:00.000Z,0,2026-01-18T01:31:43.535Z,2026-02-01T17:41:45.216Z
inv-1767845038185-bxjmci9tz,Fabuloso,cmnkwlkav00208xydbo2lfb3d,INVENTORY::aseo,0,Unidad,3000,Tienda esquina,TIENDAESQUIN-20260108-001,,,2026-01-08T12:00:00.000Z,0,2026-01-18T01:31:43.535Z,2026-02-03T01:02:16.801Z
inv-1767845038584-ar3qdmdwi,Papel higiénico,cmnkwlkav00208xydbo2lfb3d,INVENTORY::aseo,0,Unidad,2000,Tienda esquina,TIENDAESQUIN-20260108-001,,,2026-01-08T12:00:00.000Z,0,2026-01-18T01:31:43.535Z,2026-02-03T01:02:07.444Z
inv-1767845374827-mp9ajpdr1,Pollo frito,cmnkwlk4700008xydbn9is6y0,INVENTORY::comestibles,0,Unidad,34000,La Merced,LAMERCED-20260105-001,,,2026-01-05T12:00:00.000Z,0,2026-01-18T01:31:43.535Z,2026-02-03T00:34:25.756Z
inv-1767998047098-dw31jifhe,Jamón de cerdo sánduche,cmnkwlk4700008xydbn9is6y0,INVENTORY::comestibles,0,Unidad,7650,Carnes del Sebastián,CARNESSEBASTIAN-20260106-001,,,2026-01-06T12:00:00.000Z,0,2026-01-18T01:31:43.535Z,2026-02-03T00:34:41.802Z
inv-1767998048468-cu3r5lzgd,Queso doble crema Colácteos,cmnkwlk4700008xydbn9is6y0,INVENTORY::comestibles,0,Unidad,12400,Carnes del Sebastián,CARNESSEBASTIAN-20260106-001,,,2026-01-06T12:00:00.000Z,0,2026-01-18T01:31:43.535Z,2026-02-03T00:34:48.589Z
inv-1768697002395-12wwfyhfb,Café especial Buesaco,cmnkwlk8u00128xydvbvfkdu6,INVENTORY::insumos para cafeteria,1,Paquete,37000,Proveedor Café,PROVEEDORCAFE-20260112-001,,,2026-01-12T12:00:00.000Z,0,2026-01-18T01:31:43.535Z,2026-02-03T01:04:34.049Z
inv-1768697003637-rorpdal9v,Café La Jacoba,cmnkwlk8u00128xydvbvfkdu6,INVENTORY::insumos para cafeteria,1,Paquete,37000,Proveedor Café,PROVEEDORCAFE-20260112-001,,,2026-01-12T12:00:00.000Z,0,2026-01-18T01:31:43.535Z,2026-02-03T01:15:34.033Z
inv-1768953803936-gz1gyesjb,Café Sello Rojo,cmnkwlk8u00128xydvbvfkdu6,INVENTORY::insumos para cafeteria,0,Gramo,26800,tienda de la esquina,TIENDAESQUINA-20260119-001,,,2026-01-19T12:00:00.000Z,0,2026-01-21T00:03:23.936Z,2026-03-08T19:19:12.732Z
inv-1769226143421-5mgfjha5u,Aguardiente Nariño,cmnkwlk6800038xyd1sss57is,INVENTORY::bebidas alcoholicas,1,Botella,42500,,irina,,,,0,2026-01-24T03:42:23.421Z,2026-02-01T17:33:43.595Z
inv-1769226143421-7lwuaohu7,Aguardiente Amarillo,cmnkwlk6800038xyd1sss57is,INVENTORY::bebidas alcoholicas,1,Botella,44500,,irina,,,,0,2026-01-24T03:42:23.421Z,2026-02-01T17:33:43.595Z
inv-1769226143421-mew32o8t2,Domecq,cmnkwlk6800038xyd1sss57is,INVENTORY::bebidas alcoholicas,1,Botella,46000,,irina,,,,0,2026-01-24T03:42:23.421Z,2026-02-01T17:33:43.595Z
inv-1769226143421-omcm0srwr,Aguardiente Nariño,cmnkwlk6800038xyd1sss57is,INVENTORY::bebidas alcoholicas,1,Botella,42500,,irina,,,,0,2026-01-24T03:42:23.421Z,2026-02-01T17:33:43.595Z
inv-1769476992014-lw6bedwuo,Copa de vino 3PK,cmnkwlk8x00148xydi0hnkgoi,INVENTORY::activos,1,Unidad,12000,Dollarcity – Tienda 3057 (Unico Pasto),DOLLARCITY-20260117-F1L11300084,,,2026-01-17T12:00:00.000Z,0,2026-01-27T01:23:12.014Z,2026-01-27T01:23:12.014Z
inv-1769476992015-39aibo4m3,Jarra con tapa color 1L,cmnkwlk8x00148xydi0hnkgoi,INVENTORY::activos,1,Unidad,12000,Dollarcity – Tienda 3057 (Unico Pasto),DOLLARCITY-20260117-F1L11300084,,,2026-01-17T12:00:00.000Z,0,2026-01-27T01:23:12.015Z,2026-02-03T01:05:39.847Z
inv-1769476992015-70zn70ifa,Frasco vidrio con tapa,cmnkwlk8x00148xydi0hnkgoi,INVENTORY::activos,1,Unidad,14000,Dollarcity – Tienda 3057 (Unico Pasto),DOLLARCITY-20260117-F1L11300084,,,2026-01-17T12:00:00.000Z,0,2026-01-27T01:23:12.015Z,2026-02-03T01:05:47.372Z
inv-1769476992015-8ibhbvr5q,Cucharas plásticas bolsa,cmnkwlkav00208xydbo2lfb3d,INVENTORY::aseo,1,Unidad,5000,Dollarcity – Tienda 3057 (Unico Pasto),DOLLARCITY-20260117-F1L11300084,,,2026-01-17T12:00:00.000Z,0,2026-01-27T01:23:12.015Z,2026-02-01T17:41:45.216Z
inv-1769476992015-eyyrccb8j,Dispensador plástico cromado,cmnkwlk8x00148xydi0hnkgoi,INVENTORY::activos,1,Unidad,16000,Dollarcity – Tienda 3057 (Unico Pasto),DOLLARCITY-20260117-F1L11300084,,,2026-01-17T12:00:00.000Z,0,2026-01-27T01:23:12.015Z,2026-01-27T01:23:12.015Z
inv-1769476992015-j9u081y4k,Maceta grande plástica (x2),cmnkwlk8x00148xydi0hnkgoi,INVENTORY::activos,2,Unidad,16000,Dollarcity – Tienda 3057 (Unico Pasto),DOLLARCITY-20260117-F1L11300084,,,2026-01-17T12:00:00.000Z,0,2026-01-27T01:23:12.015Z,2026-02-03T01:05:32.655Z
inv-1769476992015-r0v2adtnx,Delantal poliéster cocina,cmnkwlk8x00148xydi0hnkgoi,INVENTORY::activos,1,Unidad,14000,Dollarcity – Tienda 3057 (Unico Pasto),DOLLARCITY-20260117-F1L11300084,,,2026-01-17T12:00:00.000Z,0,2026-01-27T01:23:12.015Z,2026-01-27T01:23:12.015Z
inv-1769476992015-tokoeb5zk,Perchas de alambre,cmnkwlk8x00148xydi0hnkgoi,INVENTORY::activos,1,Unidad,8000,Dollarcity – Tienda 3057 (Unico Pasto),DOLLARCITY-20260117-F1L11300084,,,2026-01-17T12:00:00.000Z,0,2026-01-27T01:23:12.015Z,2026-02-03T01:05:25.133Z
inv-1769476992015-xar0fgpka,Bolsa ecológica DC grande,cmnkwlkav00208xydbo2lfb3d,INVENTORY::aseo,1,Unidad,2000,Dollarcity – Tienda 3057 (Unico Pasto),DOLLARCITY-20260117-F1L11300084,,,2026-01-17T12:00:00.000Z,0,2026-01-27T01:23:12.015Z,2026-02-01T17:41:45.216Z
inv-1769476992016-xu03n5p4m,Contenedor vidrio mosaico,cmnkwlk8x00148xydi0hnkgoi,INVENTORY::activos,1,Unidad,12000,Dollarcity – Tienda 3057 (Unico Pasto),DOLLARCITY-20260117-F1L11300084,,,2026-01-17T12:00:00.000Z,0,2026-01-27T01:23:12.016Z,2026-01-27T01:23:12.016Z
inv-1769477420185-nr0pz0m6o,Papelera roja coltp pedal 25 L,cmnkwlk8x00148xydi0hnkgoi,INVENTORY::activos,1,Unidad,32900,Alkosto centro,ALKOSTO-20260124-001,,,2026-01-24T12:00:00.000Z,0,2026-01-27T01:30:20.185Z,2026-01-27T01:30:20.185Z
inv-1769477420186-1i729xuyn,Uva Red Globe nacional,cmnkwlk4700008xydbn9is6y0,INVENTORY::comestibles,1,Kilogramo,-2,Alkosto centro,ALKOSTO-20260124-001,,,2026-01-24T12:00:00.000Z,0,2026-01-27T01:30:20.186Z,2026-02-03T00:40:48.599Z
inv-1769477420186-5946xxdax,Vaso Can Glass 12 oz,cmnkwlk8x00148xydi0hnkgoi,INVENTORY::activos,1,Unidad,16900,Alkosto centro,ALKOSTO-20260124-001,,,2026-01-24T12:00:00.000Z,0,2026-01-27T01:30:20.186Z,2026-01-27T01:30:20.186Z
inv-1769477420186-auuaccuw2,Copa Martini Avíspero 9.5 oz,cmnkwlk8x00148xydi0hnkgoi,INVENTORY::activos,6,Unidad,6900,Alkosto centro,ALKOSTO-20260124-001,,,2026-01-24T12:00:00.000Z,0,2026-01-27T01:30:20.186Z,2026-01-27T01:30:20.186Z
inv-1769477420186-co7xyntgf,Copa Lord fondo color 20 oz,cmnkwlk8x00148xydi0hnkgoi,INVENTORY::activos,1,Unidad,14900,Alkosto centro,ALKOSTO-20260124-001,,,2026-01-24T12:00:00.000Z,0,2026-01-27T01:30:20.186Z,2026-01-27T01:30:20.186Z
inv-1769477420186-jye67tqkc,Salsa Tajín Clásic polvo 142 g,cmnkwlk4700008xydbn9is6y0,INVENTORY::comestibles,1,Unidad,12900,Alkosto centro,ALKOSTO-20260124-001,,,2026-01-24T12:00:00.000Z,0,2026-01-27T01:30:20.186Z,2026-02-03T00:39:45.893Z
inv-1769477420186-neuqi4kmt,Papel Marg Refect Lim/Pimien 115 g,cmnkwlkav00208xydbo2lfb3d,INVENTORY::aseo,1,Unidad,8500,Alkosto centro,ALKOSTO-20260124-001,,,2026-01-24T12:00:00.000Z,0,2026-01-27T01:30:20.186Z,2026-02-01T17:41:45.216Z
inv-1769477420186-uiqen0s34,Cuchillo multiuso Ilko 11 cm,cmnkwlk8x00148xydi0hnkgoi,INVENTORY::activos,1,Unidad,12900,Alkosto centro,ALKOSTO-20260124-001,,,2026-01-24T12:00:00.000Z,0,2026-01-27T01:30:20.186Z,2026-01-27T01:30:20.186Z
inv-1769477420187-2zdcsczyn,Copa Nevada Cappuchinero 4.5 oz,cmnkwlk8x00148xydi0hnkgoi,INVENTORY::activos,1,Unidad,50200,Alkosto centro,ALKOSTO-20260124-001,,,2026-01-24T12:00:00.000Z,0,2026-01-27T01:30:20.187Z,2026-01-27T01:30:20.187Z
inv-1769477420187-4gxga74aj,Película plástica Tami Rto x100 mt,cmnkwlkav00208xydbo2lfb3d,INVENTORY::aseo,1,Unidad,32500,Alkosto centro,ALKOSTO-20260124-001,,,2026-01-24T12:00:00.000Z,0,2026-01-27T01:30:20.187Z,2026-02-01T17:41:45.216Z
inv-1769477420187-7g9wx3aq6,Licor Vodka Tropcaya 750 ml,cmnkwlk6800038xyd1sss57is,INVENTORY::bebidas alcoholicas,1,Botella,18200,Alkosto centro,ALKOSTO-20260124-001,,,2026-01-24T12:00:00.000Z,0,2026-01-27T01:30:20.187Z,2026-02-03T01:38:34.300Z
inv-1769477420187-c7bn9pz0e,Estuche 4 pz postre Corona Caribe,cmnkwlk8x00148xydi0hnkgoi,INVENTORY::activos,1,Unidad,12900,Alkosto centro,ALKOSTO-20260124-001,,,2026-01-24T12:00:00.000Z,0,2026-01-27T01:30:20.187Z,2026-01-27T01:30:20.187Z
inv-1769477420187-pt9exd3ov,Set x4 coladores Arco Iris,cmnkwlk8x00148xydi0hnkgoi,INVENTORY::activos,1,Set,12900,Alkosto centro,ALKOSTO-20260124-001,,,2026-01-24T12:00:00.000Z,0,2026-01-27T01:30:20.187Z,2026-01-27T01:30:20.187Z
inv-1769477420187-zyy7d6a15,Mezclador Refisal Michel Rep x6,cmnkwlk8x00148xydi0hnkgoi,INVENTORY::activos,3,Unidad,8900,Alkosto centro,ALKOSTO-20260124-001,,,2026-01-24T12:00:00.000Z,0,2026-01-27T01:30:20.187Z,2026-01-27T01:30:20.187Z
inv-1769814963447-no7mo0lh5,"TV Samsung 40""",cmnkwlk8x00148xydi0hnkgoi,INVENTORY::activos,1,Unidad,957000,Almacenes Éxito Pasto,EXITO-20260129-TV,,,2026-01-29T12:00:00.000Z,0,2026-01-30T23:16:03.442Z,2026-01-30T23:16:03.442Z
inv-1769814963481-185zpo1ks,Seguro del TV,cmnkwlk8x00148xydi0hnkgoi,INVENTORY::activos,1,Unidad,70000,Almacenes Éxito Pasto,EXITO-20260129-TV,,,2026-01-29T12:00:00.000Z,0,2026-01-30T23:16:03.442Z,2026-01-30T23:16:03.442Z
inv-1769814963481-e3lrfe15u,Base para el TV,cmnkwlk8x00148xydi0hnkgoi,INVENTORY::activos,1,Unidad,100000,Almacenes Éxito Pasto,EXITO-20260129-TV,,,2026-01-29T12:00:00.000Z,0,2026-01-30T23:16:03.442Z,2026-01-30T23:16:03.442Z
inv-1769965240723-p3819uwv0,Papel higiénico 3H,cmnkwlkav00208xydbo2lfb3d,INVENTORY::aseo,1,Paquete,6700,Tiendas D1,D1-31012026,,,2026-01-31T12:00:00.000Z,0,2026-02-01T17:00:40.714Z,2026-02-01T17:41:45.216Z
inv-1769965240758-2nxi47xy4,Gaseosa Coca-Cola,cmnkwlkav00208xydbo2lfb3d,INVENTORY::aseo,1,Botella,6490,Tiendas D1,D1-31012026,,,2026-01-31T12:00:00.000Z,0,2026-02-01T17:00:40.714Z,2026-02-01T17:41:45.216Z
inv-1769965240758-57jenlp8n,Moritas de go,cmnkwlk4700008xydbn9is6y0,INVENTORY::comestibles,0,Unidad,4600,Tiendas D1,D1-31012026,,,2026-01-31T12:00:00.000Z,0,2026-02-01T17:00:40.714Z,2026-02-03T00:41:24.561Z
inv-1769965240758-5u3tegwt1,Ambientador,cmnkwlkav00208xydbo2lfb3d,INVENTORY::aseo,1,Unidad,5850,Tiendas D1,D1-31012026,,,2026-01-31T12:00:00.000Z,0,2026-02-01T17:00:40.714Z,2026-02-01T17:41:45.216Z
inv-1769965240758-n1ixml5ob,Bolsa papelera,cmnkwlkav00208xydbo2lfb3d,INVENTORY::aseo,2,Unidad,2200,Tiendas D1,D1-31012026,,,2026-01-31T12:00:00.000Z,0,2026-02-01T17:00:40.714Z,2026-02-01T17:41:45.216Z
inv-1769965240758-nq7pmvnxc,Gaseosa Schweppes,cmnkwlkav00208xydbo2lfb3d,INVENTORY::aseo,1,Botella,4750,Tiendas D1,D1-31012026,,,2026-01-31T12:00:00.000Z,0,2026-02-01T17:00:40.714Z,2026-02-01T17:41:45.216Z
inv-1769965240758-vrggr7yty,Bolsa hogar,cmnkwlkav00208xydbo2lfb3d,INVENTORY::aseo,1,Unidad,1900,Tiendas D1,D1-31012026,,,2026-01-31T12:00:00.000Z,0,2026-02-01T17:00:40.714Z,2026-02-01T17:41:45.216Z
inv-1769965240758-x1s6mb33k,Limpiador Bic,cmnkwlkav00208xydbo2lfb3d,INVENTORY::aseo,1,Unidad,6750,Tiendas D1,D1-31012026,,,2026-01-31T12:00:00.000Z,0,2026-02-01T17:00:40.714Z,2026-02-01T17:41:45.216Z
inv-1769965240759-a27x6gvi4,Lulo 800 g,cmnkwlk4700008xydbn9is6y0,INVENTORY::comestibles,1,Unidad,5990,Tiendas D1,D1-31012026,,,2026-01-31T12:00:00.000Z,0,2026-02-01T17:00:40.714Z,2026-02-03T00:41:49.244Z
inv-1769965466028-pd9uw5185,Azúcar morena,cmnkwlk8u00128xydvbvfkdu6,INVENTORY::insumos para cafeteria,1.5,kg,3333,Tiendas esquina,ESQUINA-20260131,,,2026-01-31T12:00:00.000Z,0,2026-02-01T17:04:26.019Z,2026-02-01T17:41:45.216Z
inv-1769965466067-ex6tb5ddq,Anís estrellado,cmnkwlk8u00128xydvbvfkdu6,INVENTORY::insumos para cafeteria,1,Unidad,5000,Tiendas esquina,ESQUINA-20260131,,,2026-01-31T12:00:00.000Z,0,2026-02-01T17:04:26.019Z,2026-02-03T01:16:59.570Z
inv-1770573297943-p46ghnpaq,Lulo,cmnkwlk4700008xydbn9is6y0,INVENTORY::comestibles,6,Unidad,1000,Compras 7 feb,COMPRA-20260207-001,,,2026-02-07T12:00:00.000Z,0,2026-02-08T17:54:57.936Z,2026-02-08T17:54:57.936Z
inv-1770573297982-7kkbumr33,Maracuyá,cmnkwlk4700008xydbn9is6y0,INVENTORY::comestibles,1,Unidad,4000,Compras 8 feb,COMPRA-20260208-001,,,2026-02-08T12:00:00.000Z,0,2026-02-08T17:54:57.936Z,2026-02-08T17:54:57.936Z
inv-1770573297982-976tntdtw,Arándanos,cmnkwlk4700008xydbn9is6y0,INVENTORY::comestibles,1,Unidad,4000,Compras 8 feb,COMPRA-20260208-001,,,2026-02-08T12:00:00.000Z,0,2026-02-08T17:54:57.936Z,2026-02-08T17:54:57.936Z
inv-1770573297982-lhd30iy0o,Tomate,cmnkwlk4700008xydbn9is6y0,INVENTORY::comestibles,2,Unidad,2000,Compras 7 feb,COMPRA-20260207-001,,,2026-02-07T12:00:00.000Z,0,2026-02-08T17:54:57.936Z,2026-02-08T17:54:57.936Z
inv-1770573297982-onsh7ogp5,Albahaca,cmnkwlk4700008xydbn9is6y0,INVENTORY::comestibles,1,Unidad,2000,Compras 7 feb,COMPRA-20260207-001,,,2026-02-07T12:00:00.000Z,0,2026-02-08T17:54:57.936Z,2026-02-08T17:54:57.936Z
inv-1770573297982-zkeqptt55,Menta,cmnkwlk4700008xydbn9is6y0,INVENTORY::comestibles,1,Unidad,4000,Compras 8 feb,COMPRA-20260208-001,,,2026-02-08T12:00:00.000Z,0,2026-02-08T17:54:57.936Z,2026-02-08T17:54:57.936Z
inv-1770684128104-dgjc2z0kh,Cerveza Poker LTA 330 cc,cmnkwlk6800038xyd1sss57is,INVENTORY::bebidas alcoholicas,24,Lata,2666.58,Bodega Bavaria,BODEGA-BAVARIA-20260208,,,2026-02-08T12:00:00.000Z,0,2026-02-10T00:42:08.097Z,2026-02-10T00:42:08.097Z
inv-1770684128140-jxn35umkl,Cerveza Club Colombia LTA,cmnkwlk6800038xyd1sss57is,INVENTORY::bebidas alcoholicas,24,Lata,3058.25,Bodega Bavaria,BODEGA-BAVARIA-20260208,,,2026-02-08T12:00:00.000Z,0,2026-02-10T00:42:08.097Z,2026-02-10T00:42:08.097Z
inv-1770684128141-hd27egu89,Cerveza Budweiser LTA 269 cc,cmnkwlk6800038xyd1sss57is,INVENTORY::bebidas alcoholicas,24,Lata,2333.38,Bodega Bavaria,BODEGA-BAVARIA-20260208,,,2026-02-08T12:00:00.000Z,0,2026-02-10T00:42:08.097Z,2026-02-10T00:42:08.097Z
inv-1771001849777-809qg7jpy,Triple sec,cmnkwlk8c000s8xyd88ugdej4,INVENTORY::insumos para cocteles,1,Litro,33400,Paty,Paty,,,,0,2026-02-13T16:57:29.773Z,2026-02-13T16:57:29.773Z
inv-1771051465478-xs11ux3w6,Chapil de los pastos,cmnkwlk8c000s8xyd88ugdej4,INVENTORY::insumos para cocteles,2,Litro,18000,Chapil de los pastos,ChapilDeLosPastos,,,,0,2026-02-14T06:44:25.473Z,2026-02-14T06:47:33.730Z
inv-1771051787919-5eru0l7pf,Empanadas,cmnkwlkit006g8xydxwtx104e,INVENTORY::acompañantes,6,Unidad,4350,Parqueadero,Parqueadero,,,,0,2026-02-14T06:49:47.911Z,2026-02-14T06:49:47.911Z
inv-1771051787957-l7y838y6y,"Canela, anís y pulpas",cmnkwlk8c000s8xyd88ugdej4,INVENTORY::insumos para cocteles,1,Compra,34000,Tienda Las Monas,Las Monas,,,,0,2026-02-14T06:49:47.911Z,2026-02-14T06:49:47.911Z